"subjects"	"S"	"picture"	"R"	"rt"
"1"	"positive"	"outgroup"	"negative"	0.404113844608002
"1"	"negative"	"outgroup"	"negative"	0.269679355739541
"1"	"negative"	"ingroup"	"negative"	0.357500429164854
"1"	"positive"	"ingroup"	"positive"	0.514037000519432
"1"	"negative"	"outgroup"	"negative"	0.337652665225347
"1"	"positive"	"outgroup"	"positive"	0.505145735181348
"1"	"negative"	"ingroup"	"negative"	0.265261215279866
"1"	"negative"	"outgroup"	"positive"	0.291355188687223
"1"	"positive"	"outgroup"	"negative"	0.499026592646461
"1"	"positive"	"ingroup"	"negative"	0.84393406935345
"1"	"positive"	"outgroup"	"positive"	0.332340437641205
"1"	"negative"	"ingroup"	"negative"	0.240846856568904
"1"	"positive"	"outgroup"	"positive"	0.540304497494293
"1"	"negative"	"outgroup"	"negative"	0.269753903417397
"1"	"negative"	"outgroup"	"negative"	0.568699602112521
"1"	"negative"	"outgroup"	"negative"	0.540032967258785
"1"	"positive"	"ingroup"	"positive"	0.391586275703023
"1"	"positive"	"ingroup"	"positive"	0.234735661269965
"1"	"positive"	"ingroup"	"negative"	0.336964928639973
"1"	"negative"	"outgroup"	"positive"	0.416728121029351
"1"	"positive"	"ingroup"	"positive"	0.552848510318017
"1"	"negative"	"outgroup"	"negative"	0.537604181399538
"1"	"negative"	"outgroup"	"positive"	0.375807427619689
"1"	"positive"	"outgroup"	"positive"	0.340598189802905
"1"	"positive"	"ingroup"	"positive"	0.415941745619897
"1"	"negative"	"outgroup"	"negative"	0.420185488377911
"1"	"positive"	"ingroup"	"positive"	0.265460536269902
"1"	"positive"	"outgroup"	"positive"	0.694210657898764
"1"	"negative"	"outgroup"	"positive"	0.671860928194068
"1"	"positive"	"ingroup"	"negative"	0.401477503348478
"1"	"positive"	"outgroup"	"negative"	0.990987147599679
"1"	"positive"	"ingroup"	"negative"	0.434631797246888
"1"	"negative"	"outgroup"	"negative"	0.225323692385163
"1"	"negative"	"outgroup"	"negative"	0.599275276121964
"1"	"positive"	"outgroup"	"negative"	0.501209676356645
"1"	"positive"	"outgroup"	"positive"	0.336631619211889
"1"	"negative"	"ingroup"	"negative"	0.263924239368393
"1"	"negative"	"ingroup"	"negative"	0.340159769151936
"1"	"positive"	"outgroup"	"positive"	0.260700864277238
"1"	"negative"	"outgroup"	"negative"	0.305181647558582
"1"	"negative"	"ingroup"	"positive"	0.269420275868176
"1"	"negative"	"ingroup"	"negative"	0.279419540802653
"1"	"negative"	"outgroup"	"negative"	0.306623368517697
"1"	"positive"	"ingroup"	"positive"	0.408169672467226
"1"	"negative"	"outgroup"	"negative"	0.254191697283659
"1"	"positive"	"outgroup"	"positive"	0.381660828980047
"1"	"negative"	"outgroup"	"positive"	0.442603170549152
"1"	"positive"	"ingroup"	"positive"	0.227655502765979
"1"	"negative"	"outgroup"	"negative"	0.307269457397868
"1"	"negative"	"ingroup"	"positive"	0.268960206839147
"1"	"negative"	"ingroup"	"positive"	0.576447276464644
"1"	"positive"	"outgroup"	"negative"	0.458603915783848
"1"	"negative"	"outgroup"	"negative"	0.592728180917687
"1"	"positive"	"ingroup"	"positive"	0.245202497305455
"1"	"negative"	"outgroup"	"negative"	0.393715273792203
"1"	"positive"	"ingroup"	"positive"	0.785903610212482
"1"	"positive"	"outgroup"	"negative"	0.712387622206877
"1"	"negative"	"outgroup"	"negative"	0.840873200534097
"1"	"positive"	"outgroup"	"positive"	0.218047843822939
"1"	"negative"	"ingroup"	"negative"	0.341583443993728
"1"	"positive"	"ingroup"	"positive"	0.284606417657261
"1"	"positive"	"ingroup"	"positive"	0.31841455638652
"1"	"positive"	"ingroup"	"positive"	0.317711022393545
"1"	"positive"	"ingroup"	"positive"	0.362559167130782
"1"	"negative"	"outgroup"	"negative"	0.280002363672854
"1"	"positive"	"ingroup"	"positive"	0.364100619061276
"1"	"positive"	"ingroup"	"positive"	0.411825579066489
"1"	"negative"	"outgroup"	"negative"	0.318239385175428
"1"	"negative"	"outgroup"	"negative"	0.258306119282918
"1"	"negative"	"outgroup"	"negative"	0.383277651434918
"1"	"negative"	"outgroup"	"positive"	0.423542311929989
"1"	"negative"	"outgroup"	"positive"	0.275969223810663
"1"	"negative"	"ingroup"	"negative"	0.545830377472559
"1"	"positive"	"ingroup"	"positive"	0.36632051755733
"1"	"positive"	"ingroup"	"positive"	0.239076840487593
"1"	"positive"	"ingroup"	"positive"	0.376553902787811
"1"	"positive"	"outgroup"	"positive"	0.382351743332144
"1"	"positive"	"ingroup"	"negative"	0.824851560450097
"1"	"positive"	"ingroup"	"positive"	0.406110634760433
"1"	"negative"	"ingroup"	"negative"	0.317877059253748
"1"	"positive"	"ingroup"	"positive"	0.523956004104947
"1"	"positive"	"outgroup"	"positive"	0.319688056014665
"1"	"positive"	"outgroup"	"negative"	0.425096147250987
"1"	"positive"	"ingroup"	"negative"	0.471749014091306
"1"	"negative"	"outgroup"	"negative"	0.516004429289177
"1"	"positive"	"outgroup"	"negative"	0.25940722910736
"1"	"positive"	"outgroup"	"positive"	0.226345995508669
"1"	"positive"	"ingroup"	"positive"	0.546768343921702
"1"	"positive"	"outgroup"	"positive"	0.304131432791563
"1"	"negative"	"outgroup"	"negative"	0.384521977305879
"1"	"positive"	"ingroup"	"positive"	0.398917366947848
"1"	"positive"	"outgroup"	"negative"	0.493928578886856
"1"	"positive"	"ingroup"	"positive"	0.428497821454799
"1"	"positive"	"ingroup"	"positive"	0.48395534532021
"1"	"positive"	"ingroup"	"positive"	0.781538185825847
"1"	"negative"	"outgroup"	"negative"	0.397384816075437
"1"	"negative"	"ingroup"	"negative"	0.463290737627411
"1"	"positive"	"outgroup"	"positive"	0.664634728278505
"1"	"positive"	"ingroup"	"positive"	0.512574041921649
"1"	"positive"	"outgroup"	"positive"	0.385573871140031
"1"	"positive"	"outgroup"	"positive"	0.631434653910596
"1"	"negative"	"outgroup"	"negative"	0.396829141016022
"1"	"negative"	"outgroup"	"positive"	0.391169048871371
"1"	"negative"	"outgroup"	"positive"	0.584463114618641
"1"	"negative"	"ingroup"	"positive"	0.325920142950549
"1"	"positive"	"outgroup"	"positive"	0.339830206519698
"1"	"negative"	"outgroup"	"negative"	0.346000774682456
"1"	"positive"	"ingroup"	"positive"	0.335763119590899
"1"	"positive"	"ingroup"	"positive"	0.33828787946805
"1"	"positive"	"outgroup"	"positive"	0.292592521927505
"1"	"positive"	"ingroup"	"negative"	0.264533205176076
"1"	"negative"	"ingroup"	"negative"	0.82232625686459
"1"	"positive"	"ingroup"	"positive"	1.06560077559069
"1"	"negative"	"ingroup"	"negative"	0.258518305791539
"1"	"negative"	"ingroup"	"negative"	0.533649972047306
"1"	"negative"	"outgroup"	"negative"	0.426881630798086
"1"	"negative"	"ingroup"	"negative"	0.284454230511261
"1"	"negative"	"outgroup"	"negative"	0.32842548947873
"1"	"negative"	"ingroup"	"negative"	0.271542340186276
"1"	"negative"	"outgroup"	"positive"	0.276718429830273
"1"	"negative"	"outgroup"	"negative"	0.248493447010309
"1"	"positive"	"outgroup"	"positive"	0.307642678023077
"1"	"negative"	"ingroup"	"negative"	0.472267126053041
"1"	"negative"	"ingroup"	"negative"	0.272042263750473
"1"	"positive"	"ingroup"	"positive"	0.424398621025785
"1"	"negative"	"outgroup"	"negative"	0.266587941855371
"1"	"negative"	"outgroup"	"positive"	0.522818935346929
"1"	"positive"	"outgroup"	"negative"	0.342412952051452
"1"	"negative"	"ingroup"	"negative"	0.574482992941385
"1"	"positive"	"outgroup"	"positive"	0.573452523102171
"1"	"positive"	"ingroup"	"positive"	0.714292939310859
"1"	"negative"	"outgroup"	"positive"	0.316294249061549
"1"	"positive"	"ingroup"	"positive"	0.431969640875269
"1"	"negative"	"ingroup"	"negative"	0.427329401475814
"1"	"negative"	"ingroup"	"negative"	0.591966615879136
"1"	"positive"	"outgroup"	"positive"	0.576871596031187
"1"	"positive"	"outgroup"	"positive"	0.329183334608736
"1"	"negative"	"ingroup"	"positive"	0.451126894882603
"1"	"negative"	"outgroup"	"negative"	0.223735868636865
"1"	"negative"	"outgroup"	"negative"	0.454815855232632
"1"	"negative"	"ingroup"	"negative"	0.324454847128616
"1"	"negative"	"outgroup"	"negative"	0.236934227348406
"1"	"positive"	"outgroup"	"positive"	0.422888991568037
"1"	"positive"	"outgroup"	"negative"	0.224116506341674
"1"	"negative"	"outgroup"	"positive"	0.354829741547089
"1"	"negative"	"outgroup"	"negative"	0.254806496622458
"1"	"negative"	"outgroup"	"positive"	0.245472224057873
"1"	"negative"	"ingroup"	"positive"	0.603454002673358
"1"	"negative"	"outgroup"	"negative"	0.320249251932988
"1"	"negative"	"outgroup"	"negative"	0.575064228747882
"1"	"negative"	"outgroup"	"positive"	0.253277131140535
"1"	"positive"	"ingroup"	"positive"	0.30904747306206
"1"	"positive"	"outgroup"	"positive"	0.62196753254849
"1"	"positive"	"ingroup"	"negative"	0.966030668520709
"1"	"positive"	"outgroup"	"negative"	0.363615330653377
"1"	"negative"	"outgroup"	"negative"	0.345175449536599
"1"	"negative"	"outgroup"	"negative"	0.266091640299574
"1"	"negative"	"outgroup"	"negative"	0.307464457224699
"1"	"positive"	"ingroup"	"positive"	0.602661288613795
"1"	"positive"	"ingroup"	"positive"	0.316190361008685
"1"	"negative"	"ingroup"	"positive"	0.465578174181838
"1"	"positive"	"outgroup"	"positive"	0.441192076730906
"1"	"positive"	"outgroup"	"positive"	0.307371079237038
"1"	"negative"	"ingroup"	"negative"	0.458355352810733
"1"	"positive"	"ingroup"	"positive"	0.317750516147614
"1"	"negative"	"outgroup"	"positive"	0.387163110641204
"1"	"negative"	"outgroup"	"negative"	0.235624609705274
"1"	"negative"	"ingroup"	"negative"	0.272821066114216
"1"	"positive"	"outgroup"	"positive"	0.69962047116999
"1"	"positive"	"ingroup"	"negative"	0.325887542294688
"1"	"positive"	"ingroup"	"positive"	0.356741781534807
"1"	"positive"	"ingroup"	"positive"	0.334246332877995
"1"	"positive"	"outgroup"	"positive"	0.568986462214517
"1"	"positive"	"ingroup"	"positive"	0.727147181021537
"1"	"positive"	"ingroup"	"positive"	0.257073980160927
"1"	"negative"	"ingroup"	"negative"	0.392645945465756
"1"	"positive"	"ingroup"	"positive"	0.406754509540035
"1"	"negative"	"outgroup"	"negative"	0.570407433807039
"1"	"positive"	"outgroup"	"positive"	0.26073877782309
"1"	"negative"	"ingroup"	"positive"	0.534491832884915
"1"	"positive"	"ingroup"	"positive"	0.667987121724516
"1"	"positive"	"ingroup"	"negative"	0.662974993802194
"1"	"negative"	"ingroup"	"negative"	0.343366020624746
"1"	"negative"	"ingroup"	"negative"	0.498445143582045
"1"	"positive"	"outgroup"	"negative"	0.255724551598409
"1"	"negative"	"ingroup"	"positive"	0.226061792121401
"1"	"negative"	"outgroup"	"negative"	0.52655591622716
"1"	"positive"	"outgroup"	"negative"	1.4597655724784
"1"	"negative"	"outgroup"	"negative"	0.249154376412748
"1"	"negative"	"ingroup"	"positive"	0.828633152625704
"1"	"positive"	"outgroup"	"negative"	0.226654812229431
"1"	"negative"	"ingroup"	"negative"	0.255889966374926
"1"	"negative"	"ingroup"	"negative"	0.250829939557441
"1"	"negative"	"ingroup"	"negative"	0.257250917071212
"1"	"positive"	"outgroup"	"negative"	0.245854015871172
"1"	"positive"	"ingroup"	"positive"	0.235174835784967
"1"	"negative"	"ingroup"	"negative"	0.422890381345349
"1"	"negative"	"outgroup"	"negative"	0.436805530780018
"1"	"negative"	"ingroup"	"negative"	0.467978457154127
"1"	"negative"	"ingroup"	"negative"	0.43657433036594
"1"	"positive"	"outgroup"	"negative"	0.666435488058205
"1"	"positive"	"ingroup"	"positive"	0.370307893797101
"1"	"positive"	"ingroup"	"positive"	0.376340685829439
"1"	"positive"	"ingroup"	"negative"	0.247012224268514
"1"	"positive"	"outgroup"	"positive"	0.3563174276692
"1"	"negative"	"ingroup"	"negative"	0.280336634663346
"1"	"negative"	"outgroup"	"negative"	0.407321281731172
"1"	"positive"	"ingroup"	"positive"	0.402843688140836
"1"	"negative"	"ingroup"	"negative"	0.27412273703733
"1"	"negative"	"outgroup"	"negative"	0.37072661135857
"1"	"positive"	"outgroup"	"positive"	0.30293780348984
"1"	"negative"	"ingroup"	"positive"	0.225717642947273
"1"	"negative"	"outgroup"	"negative"	0.265575734201314
"1"	"negative"	"ingroup"	"negative"	0.275310176002716
"1"	"negative"	"outgroup"	"negative"	0.300828101725127
"1"	"positive"	"ingroup"	"positive"	0.677752426514942
"1"	"negative"	"ingroup"	"negative"	0.347843119027969
"1"	"negative"	"outgroup"	"negative"	0.428472270849931
"1"	"negative"	"ingroup"	"negative"	0.440378352759998
"1"	"negative"	"ingroup"	"negative"	0.356641713876118
"1"	"positive"	"outgroup"	"positive"	0.294585091909128
"1"	"negative"	"ingroup"	"negative"	0.459693729585628
"1"	"positive"	"outgroup"	"positive"	0.303337309762617
"1"	"positive"	"ingroup"	"positive"	0.269982920438672
"1"	"positive"	"ingroup"	"positive"	0.240040684540848
"1"	"positive"	"outgroup"	"positive"	0.410416731665103
"1"	"positive"	"ingroup"	"positive"	0.233451506437594
"1"	"positive"	"outgroup"	"positive"	0.758270199585674
"1"	"positive"	"ingroup"	"positive"	0.232558681583356
"1"	"negative"	"ingroup"	"positive"	0.276190691987941
"1"	"negative"	"outgroup"	"negative"	0.301025591307602
"1"	"positive"	"ingroup"	"positive"	0.312749357215321
"1"	"negative"	"outgroup"	"negative"	0.260425629254766
"1"	"negative"	"ingroup"	"negative"	0.301975491575334
"1"	"negative"	"ingroup"	"positive"	0.484330718497235
"1"	"negative"	"outgroup"	"negative"	0.534919723683943
"1"	"negative"	"outgroup"	"negative"	0.269047457380534
"1"	"negative"	"ingroup"	"negative"	0.274759018014966
"1"	"negative"	"outgroup"	"positive"	0.561333173905912
"1"	"positive"	"outgroup"	"positive"	0.309366869554401
"1"	"positive"	"ingroup"	"positive"	0.30247610633765
"1"	"negative"	"outgroup"	"positive"	0.247354305694687
"1"	"negative"	"ingroup"	"negative"	0.421207332328771
"1"	"positive"	"outgroup"	"negative"	0.2248804616177
"1"	"negative"	"ingroup"	"negative"	0.284340080849643
"1"	"positive"	"outgroup"	"negative"	0.608826884101196
"1"	"positive"	"ingroup"	"negative"	0.252146354948256
"1"	"negative"	"ingroup"	"negative"	0.424970312233311
"1"	"positive"	"outgroup"	"negative"	0.562051603700223
"1"	"positive"	"outgroup"	"positive"	0.587243368312285
"1"	"positive"	"outgroup"	"positive"	0.427765880771096
"1"	"negative"	"ingroup"	"positive"	0.305008482974709
"1"	"positive"	"ingroup"	"positive"	0.253215968287547
"1"	"positive"	"ingroup"	"positive"	0.315307713167426
"1"	"negative"	"outgroup"	"positive"	0.296169715248357
"1"	"positive"	"outgroup"	"positive"	0.288429560175251
"1"	"negative"	"ingroup"	"negative"	0.516166856842931
"1"	"positive"	"ingroup"	"positive"	0.318043599976496
"1"	"negative"	"outgroup"	"negative"	0.356599252736209
"1"	"positive"	"ingroup"	"positive"	0.232625656311055
"1"	"positive"	"outgroup"	"positive"	0.311177782411814
"1"	"positive"	"outgroup"	"positive"	0.347673140912229
"1"	"positive"	"ingroup"	"positive"	0.334418811456273
"1"	"positive"	"outgroup"	"negative"	0.236437485837244
"1"	"negative"	"ingroup"	"positive"	0.55781920743572
"1"	"positive"	"ingroup"	"positive"	0.363861370577205
"1"	"positive"	"ingroup"	"positive"	0.2830061863064
"1"	"negative"	"ingroup"	"negative"	0.335936744385102
"1"	"positive"	"ingroup"	"positive"	0.455133894692555
"1"	"negative"	"ingroup"	"negative"	0.247095185588861
"1"	"positive"	"ingroup"	"positive"	0.269397564103758
"1"	"positive"	"outgroup"	"positive"	0.342645904133504
"1"	"negative"	"outgroup"	"negative"	0.365089593628178
"1"	"negative"	"ingroup"	"negative"	0.295749814761202
"1"	"negative"	"ingroup"	"negative"	0.809185685658701
"1"	"positive"	"outgroup"	"negative"	0.228314743659163
"1"	"positive"	"ingroup"	"positive"	0.453561971817217
"1"	"positive"	"ingroup"	"positive"	0.221574908134565
"1"	"positive"	"outgroup"	"positive"	0.302847051230312
"1"	"negative"	"outgroup"	"negative"	0.507069289804318
"1"	"positive"	"ingroup"	"positive"	0.334685882158227
"1"	"negative"	"outgroup"	"negative"	0.473075127963086
"1"	"negative"	"outgroup"	"negative"	0.308807245854216
"1"	"positive"	"ingroup"	"positive"	0.718135991406878
"1"	"negative"	"ingroup"	"negative"	0.246342500694863
"1"	"positive"	"ingroup"	"negative"	0.476760970318996
"1"	"positive"	"outgroup"	"negative"	0.236356667884575
"1"	"negative"	"ingroup"	"negative"	0.282982902944401
"1"	"negative"	"outgroup"	"negative"	0.357667248660547
"1"	"positive"	"outgroup"	"positive"	0.351550867176178
"1"	"negative"	"outgroup"	"negative"	0.242642853960517
"1"	"negative"	"ingroup"	"negative"	0.52891695879588
"1"	"negative"	"outgroup"	"negative"	0.240951970184724
"1"	"negative"	"ingroup"	"negative"	0.327916516038048
"1"	"positive"	"ingroup"	"positive"	0.211551335424525
"1"	"negative"	"outgroup"	"positive"	0.60984255337012
"1"	"positive"	"outgroup"	"positive"	0.801546008308371
"1"	"positive"	"ingroup"	"positive"	0.346965359113297
"1"	"negative"	"outgroup"	"negative"	0.678416103218044
"1"	"negative"	"outgroup"	"negative"	0.253346015768024
"1"	"positive"	"outgroup"	"positive"	0.42437589856728
"1"	"positive"	"outgroup"	"positive"	0.272850490867952
"1"	"positive"	"outgroup"	"positive"	0.374099785271452
"1"	"positive"	"ingroup"	"positive"	0.327734342702195
"1"	"negative"	"ingroup"	"positive"	0.393606673471431
"1"	"positive"	"outgroup"	"negative"	0.405844824838992
"1"	"negative"	"outgroup"	"negative"	0.341525697583484
"1"	"negative"	"ingroup"	"negative"	0.376266209611837
"1"	"positive"	"outgroup"	"negative"	0.253502870900664
"1"	"negative"	"ingroup"	"positive"	1.08377475058894
"1"	"positive"	"ingroup"	"positive"	0.578354895714922
"1"	"positive"	"ingroup"	"positive"	0.607619130875837
"1"	"negative"	"outgroup"	"negative"	0.255456806828624
"1"	"negative"	"ingroup"	"positive"	0.357171449421222
"1"	"negative"	"ingroup"	"negative"	0.249348313514978
"1"	"negative"	"outgroup"	"negative"	0.241575476236801
"1"	"negative"	"outgroup"	"negative"	0.241761451662611
"1"	"negative"	"ingroup"	"positive"	0.631406100068686
"1"	"positive"	"ingroup"	"positive"	0.489298393693577
"1"	"negative"	"outgroup"	"negative"	0.283852539586359
"1"	"positive"	"outgroup"	"positive"	0.38022373761238
"1"	"positive"	"outgroup"	"positive"	0.37125526153993
"1"	"positive"	"outgroup"	"positive"	0.451233075818151
"1"	"positive"	"ingroup"	"positive"	0.336859828868246
"1"	"negative"	"outgroup"	"positive"	0.352069488303609
"1"	"negative"	"outgroup"	"positive"	0.378639552775837
"1"	"negative"	"ingroup"	"negative"	0.429654824294385
"1"	"positive"	"ingroup"	"positive"	0.282433315556521
"1"	"negative"	"ingroup"	"negative"	0.366489264859271
"1"	"positive"	"ingroup"	"positive"	0.233443857241708
"1"	"positive"	"outgroup"	"positive"	0.91157452595086
"1"	"positive"	"outgroup"	"positive"	0.409832613592453
"1"	"positive"	"outgroup"	"positive"	0.579956385941077
"1"	"positive"	"outgroup"	"negative"	0.366268343286487
"1"	"negative"	"ingroup"	"positive"	0.349436418316513
"1"	"positive"	"outgroup"	"positive"	0.751170440341375
"1"	"negative"	"outgroup"	"positive"	0.333664402876805
"1"	"negative"	"outgroup"	"negative"	0.467988517596384
"1"	"positive"	"ingroup"	"positive"	0.709282671529328
"1"	"positive"	"outgroup"	"negative"	0.506516762779106
"1"	"positive"	"ingroup"	"positive"	0.472096970473811
"1"	"positive"	"outgroup"	"positive"	0.357319805510464
"1"	"positive"	"ingroup"	"positive"	0.317212868729018
"1"	"positive"	"ingroup"	"positive"	0.31622540508941
"1"	"negative"	"ingroup"	"negative"	0.239733469176984
"1"	"positive"	"ingroup"	"positive"	0.520616491739245
"1"	"positive"	"ingroup"	"positive"	0.271471347633133
"1"	"positive"	"outgroup"	"negative"	0.690744211820246
"1"	"negative"	"outgroup"	"negative"	0.398716053115504
"1"	"negative"	"ingroup"	"negative"	0.356425327298111
"1"	"positive"	"outgroup"	"negative"	0.314519528065716
"1"	"positive"	"outgroup"	"negative"	0.31570211143217
"1"	"negative"	"ingroup"	"positive"	0.343771818541803
"1"	"negative"	"outgroup"	"positive"	0.402123547069715
"1"	"negative"	"ingroup"	"negative"	0.881671678656154
"1"	"negative"	"ingroup"	"negative"	0.365793301995942
"1"	"negative"	"ingroup"	"negative"	0.289266430364889
"1"	"positive"	"ingroup"	"negative"	0.293973292820295
"1"	"positive"	"outgroup"	"negative"	0.275656628720096
"1"	"negative"	"outgroup"	"negative"	0.307730615888015
"1"	"negative"	"ingroup"	"positive"	0.655954415139975
"1"	"positive"	"ingroup"	"negative"	0.505250671575863
"1"	"negative"	"outgroup"	"negative"	0.510016104286265
"1"	"negative"	"ingroup"	"positive"	0.282488984717394
"1"	"positive"	"outgroup"	"negative"	0.324203000517184
"1"	"positive"	"outgroup"	"positive"	0.766921639576567
"1"	"positive"	"ingroup"	"positive"	0.350910044344714
"1"	"positive"	"outgroup"	"negative"	0.34774530979555
"1"	"positive"	"outgroup"	"positive"	0.601384843797354
"1"	"negative"	"ingroup"	"negative"	0.384591985939638
"1"	"negative"	"outgroup"	"positive"	0.426089486751076
"1"	"positive"	"outgroup"	"negative"	0.338877807502212
"1"	"positive"	"outgroup"	"positive"	0.274261324811009
"1"	"positive"	"ingroup"	"positive"	0.496033061996425
"1"	"negative"	"ingroup"	"negative"	0.354699215200489
"1"	"positive"	"outgroup"	"positive"	0.476127141093172
"1"	"negative"	"outgroup"	"negative"	0.497135094832839
"1"	"positive"	"outgroup"	"positive"	0.386277820234232
"1"	"negative"	"ingroup"	"negative"	1.08950595804418
"1"	"negative"	"ingroup"	"negative"	0.341592457968695
"1"	"positive"	"ingroup"	"positive"	0.474323387217681
"1"	"negative"	"ingroup"	"negative"	0.247162456223177
"1"	"negative"	"ingroup"	"negative"	0.358106801003136
"1"	"positive"	"ingroup"	"positive"	0.472863763876255
"1"	"positive"	"ingroup"	"positive"	0.232193737338944
"1"	"negative"	"ingroup"	"negative"	0.393865936167857
"1"	"positive"	"outgroup"	"negative"	0.463022923690677
"1"	"positive"	"outgroup"	"negative"	0.230328319207946
"1"	"negative"	"outgroup"	"negative"	0.241957672472788
"1"	"positive"	"outgroup"	"negative"	0.392056173313259
"1"	"positive"	"outgroup"	"negative"	0.498490720508391
"1"	"positive"	"outgroup"	"positive"	0.336920604069895
"1"	"positive"	"outgroup"	"positive"	0.345956841909965
"1"	"negative"	"ingroup"	"negative"	0.345344458046945
"1"	"negative"	"outgroup"	"negative"	0.294846539854488
"1"	"negative"	"ingroup"	"positive"	0.265781427489402
"1"	"negative"	"outgroup"	"negative"	0.236442602928779
"1"	"negative"	"ingroup"	"negative"	0.382753535040256
"1"	"negative"	"ingroup"	"negative"	0.448004490367795
"1"	"negative"	"ingroup"	"negative"	0.370199228905265
"1"	"negative"	"ingroup"	"negative"	0.379641003183054
"1"	"negative"	"ingroup"	"negative"	1.25327639497627
"1"	"positive"	"ingroup"	"positive"	0.32397975923938
"1"	"positive"	"outgroup"	"positive"	0.849402784233301
"1"	"negative"	"outgroup"	"negative"	0.380857216330804
"1"	"positive"	"outgroup"	"negative"	0.264828835001345
"1"	"negative"	"ingroup"	"positive"	0.366080899531622
"1"	"positive"	"outgroup"	"positive"	0.440072376070041
"1"	"negative"	"ingroup"	"positive"	0.416079252999662
"1"	"negative"	"outgroup"	"negative"	0.428572581388954
"1"	"positive"	"ingroup"	"positive"	0.40644202089844
"1"	"negative"	"outgroup"	"negative"	0.208612675305906
"1"	"positive"	"ingroup"	"positive"	0.286300392153697
"1"	"positive"	"outgroup"	"negative"	0.385410963500152
"1"	"positive"	"outgroup"	"negative"	0.226259924666172
"1"	"negative"	"outgroup"	"negative"	0.271360204412014
"1"	"positive"	"ingroup"	"negative"	0.572209222659358
"1"	"positive"	"ingroup"	"positive"	0.255009769818631
"1"	"negative"	"ingroup"	"positive"	0.250780486482509
"1"	"positive"	"outgroup"	"positive"	0.380029593307958
"1"	"negative"	"outgroup"	"negative"	0.632328963539868
"1"	"positive"	"ingroup"	"positive"	0.610181465012897
"1"	"negative"	"ingroup"	"negative"	0.638414199744193
"1"	"negative"	"ingroup"	"positive"	0.381121934562567
"1"	"negative"	"outgroup"	"negative"	0.313538809753661
"1"	"negative"	"outgroup"	"negative"	0.244965330344036
"1"	"positive"	"ingroup"	"positive"	0.281626115595669
"1"	"negative"	"ingroup"	"positive"	0.534294219165659
"1"	"positive"	"outgroup"	"positive"	0.288783237152204
"1"	"negative"	"ingroup"	"negative"	0.822128175445
"1"	"negative"	"ingroup"	"negative"	0.26212666597118
"1"	"positive"	"ingroup"	"positive"	0.233971192096593
"1"	"negative"	"outgroup"	"negative"	0.661771421983852
"1"	"positive"	"outgroup"	"positive"	0.350735949192339
"1"	"negative"	"ingroup"	"negative"	0.491602887908983
"1"	"positive"	"ingroup"	"negative"	0.29672391141777
"1"	"negative"	"ingroup"	"positive"	0.28864807612503
"1"	"negative"	"outgroup"	"positive"	0.327553626464354
"1"	"positive"	"ingroup"	"positive"	0.650406422408444
"1"	"negative"	"outgroup"	"negative"	0.62681857978022
"1"	"negative"	"ingroup"	"negative"	0.379905239585817
"1"	"positive"	"outgroup"	"negative"	0.395888926492283
"1"	"negative"	"ingroup"	"positive"	0.296815884875174
"1"	"positive"	"ingroup"	"negative"	0.391808890818088
"1"	"positive"	"outgroup"	"positive"	0.501041875130741
"1"	"negative"	"ingroup"	"positive"	0.274734552497389
"1"	"negative"	"ingroup"	"positive"	0.239988488920625
"1"	"positive"	"outgroup"	"positive"	0.287812161016341
"1"	"positive"	"outgroup"	"positive"	0.275145588359665
"1"	"positive"	"outgroup"	"positive"	0.350371434002092
"1"	"positive"	"outgroup"	"positive"	0.286281720199427
"1"	"positive"	"ingroup"	"positive"	0.228861385837566
"1"	"negative"	"outgroup"	"negative"	0.313902847287589
"1"	"negative"	"outgroup"	"negative"	0.327856961794309
"1"	"negative"	"outgroup"	"negative"	0.28673157120254
"1"	"negative"	"ingroup"	"negative"	0.378888396527729
"1"	"positive"	"ingroup"	"positive"	0.56933564800591
"1"	"negative"	"ingroup"	"negative"	0.36457030461045
"1"	"negative"	"outgroup"	"negative"	0.342570210386149
"1"	"negative"	"outgroup"	"negative"	0.365555562128766
"2"	"negative"	"ingroup"	"negative"	0.398600215449123
"2"	"positive"	"ingroup"	"positive"	0.48524855049697
"2"	"positive"	"ingroup"	"positive"	0.307356294018727
"2"	"negative"	"ingroup"	"positive"	0.423140934485339
"2"	"positive"	"ingroup"	"negative"	0.261994264174055
"2"	"positive"	"ingroup"	"positive"	0.219422729148074
"2"	"negative"	"outgroup"	"negative"	0.222180678232157
"2"	"positive"	"ingroup"	"positive"	0.239467915492647
"2"	"positive"	"ingroup"	"positive"	0.219585648087448
"2"	"negative"	"outgroup"	"negative"	0.280619002428886
"2"	"positive"	"outgroup"	"positive"	0.338344826617062
"2"	"negative"	"outgroup"	"negative"	0.277737183203906
"2"	"negative"	"ingroup"	"positive"	0.230304243164122
"2"	"negative"	"ingroup"	"positive"	0.218683175363265
"2"	"negative"	"ingroup"	"positive"	0.27619426888285
"2"	"negative"	"outgroup"	"negative"	0.206908691053451
"2"	"positive"	"ingroup"	"positive"	0.848417105092501
"2"	"positive"	"ingroup"	"negative"	0.329485529474256
"2"	"positive"	"ingroup"	"positive"	0.34240115288909
"2"	"positive"	"ingroup"	"positive"	0.224709298377041
"2"	"negative"	"ingroup"	"negative"	0.365608033377799
"2"	"negative"	"outgroup"	"negative"	0.557489138769413
"2"	"negative"	"ingroup"	"negative"	0.403804587093583
"2"	"negative"	"ingroup"	"negative"	0.72857088749589
"2"	"positive"	"ingroup"	"positive"	0.223577289774186
"2"	"positive"	"ingroup"	"positive"	0.332952465428057
"2"	"positive"	"outgroup"	"negative"	0.313655824004615
"2"	"negative"	"outgroup"	"negative"	0.334032947759841
"2"	"positive"	"outgroup"	"positive"	0.261913150502117
"2"	"negative"	"outgroup"	"negative"	0.653670247978395
"2"	"negative"	"outgroup"	"negative"	0.229475318120784
"2"	"positive"	"ingroup"	"negative"	0.430928112478052
"2"	"positive"	"ingroup"	"positive"	0.362564039068676
"2"	"negative"	"ingroup"	"negative"	0.469541505164974
"2"	"positive"	"ingroup"	"negative"	0.431420007789645
"2"	"positive"	"ingroup"	"positive"	0.256916499022593
"2"	"positive"	"ingroup"	"positive"	0.433696161532771
"2"	"negative"	"ingroup"	"negative"	0.30468844242406
"2"	"negative"	"ingroup"	"positive"	0.243357277567974
"2"	"negative"	"outgroup"	"negative"	0.431448147348244
"2"	"negative"	"ingroup"	"negative"	0.651543115115206
"2"	"positive"	"outgroup"	"negative"	0.284136232170667
"2"	"positive"	"outgroup"	"negative"	0.249091431392809
"2"	"positive"	"outgroup"	"negative"	0.631829020442498
"2"	"positive"	"ingroup"	"positive"	0.263993546133037
"2"	"negative"	"ingroup"	"positive"	0.323815267718739
"2"	"negative"	"outgroup"	"negative"	0.294889132752199
"2"	"negative"	"outgroup"	"negative"	0.540813842886291
"2"	"negative"	"outgroup"	"positive"	0.46430024767405
"2"	"negative"	"ingroup"	"negative"	0.590516064498207
"2"	"positive"	"ingroup"	"positive"	0.309728185837222
"2"	"negative"	"ingroup"	"negative"	0.531622384208274
"2"	"positive"	"outgroup"	"positive"	0.885569534643741
"2"	"positive"	"outgroup"	"positive"	0.43824218875794
"2"	"positive"	"outgroup"	"negative"	0.256839534401677
"2"	"positive"	"outgroup"	"positive"	0.354380861432293
"2"	"positive"	"ingroup"	"negative"	0.40297317864587
"2"	"negative"	"outgroup"	"negative"	0.293967720818218
"2"	"positive"	"outgroup"	"negative"	1.0819951146435
"2"	"positive"	"outgroup"	"negative"	0.205663764420425
"2"	"positive"	"ingroup"	"positive"	0.301526945724185
"2"	"positive"	"outgroup"	"negative"	0.382723847552467
"2"	"negative"	"outgroup"	"negative"	0.514384741672154
"2"	"positive"	"outgroup"	"negative"	0.435202806162225
"2"	"positive"	"ingroup"	"positive"	0.450013859382016
"2"	"positive"	"outgroup"	"positive"	0.406431262915017
"2"	"positive"	"outgroup"	"positive"	0.49271704621024
"2"	"positive"	"outgroup"	"negative"	0.320338938844745
"2"	"positive"	"outgroup"	"positive"	0.407435489465181
"2"	"positive"	"ingroup"	"positive"	0.464937620332863
"2"	"positive"	"ingroup"	"positive"	0.258422624313511
"2"	"negative"	"ingroup"	"negative"	0.556366205086935
"2"	"positive"	"ingroup"	"negative"	0.519472675551356
"2"	"negative"	"ingroup"	"negative"	0.422491057833324
"2"	"negative"	"ingroup"	"negative"	0.813744884757983
"2"	"positive"	"ingroup"	"negative"	0.484967618787284
"2"	"positive"	"ingroup"	"positive"	0.412835262671012
"2"	"positive"	"outgroup"	"negative"	0.242919901103887
"2"	"negative"	"ingroup"	"negative"	0.587863040816846
"2"	"positive"	"ingroup"	"negative"	0.358303532013077
"2"	"positive"	"outgroup"	"positive"	0.451692850175025
"2"	"positive"	"outgroup"	"negative"	0.230819991994977
"2"	"negative"	"ingroup"	"positive"	0.282107991312267
"2"	"positive"	"ingroup"	"negative"	0.546909018846725
"2"	"positive"	"outgroup"	"negative"	0.689235756883112
"2"	"negative"	"ingroup"	"positive"	0.312675099751592
"2"	"positive"	"outgroup"	"positive"	0.279993712377859
"2"	"negative"	"ingroup"	"positive"	0.2064411715776
"2"	"negative"	"ingroup"	"positive"	0.240483988200823
"2"	"positive"	"ingroup"	"positive"	0.331724993347063
"2"	"positive"	"outgroup"	"positive"	0.466255122235741
"2"	"positive"	"ingroup"	"negative"	0.553623894692689
"2"	"negative"	"outgroup"	"negative"	0.342781407806229
"2"	"positive"	"ingroup"	"positive"	0.212305577422301
"2"	"positive"	"outgroup"	"negative"	0.340578375773181
"2"	"positive"	"ingroup"	"positive"	0.287285990830721
"2"	"negative"	"outgroup"	"negative"	0.641861615583421
"2"	"negative"	"outgroup"	"negative"	0.375973177862148
"2"	"negative"	"ingroup"	"negative"	0.395741667707374
"2"	"negative"	"outgroup"	"positive"	0.402768659796917
"2"	"positive"	"outgroup"	"positive"	0.397768217687807
"2"	"negative"	"outgroup"	"positive"	0.445942365230515
"2"	"positive"	"ingroup"	"negative"	0.441951230849527
"2"	"negative"	"ingroup"	"positive"	0.548735749783028
"2"	"positive"	"ingroup"	"positive"	0.992561506200865
"2"	"positive"	"ingroup"	"positive"	0.240463846673888
"2"	"negative"	"ingroup"	"negative"	0.30600162787451
"2"	"negative"	"ingroup"	"negative"	0.435589079676632
"2"	"positive"	"outgroup"	"positive"	0.490044945153683
"2"	"positive"	"ingroup"	"positive"	0.215104804677875
"2"	"negative"	"outgroup"	"negative"	0.384237565407119
"2"	"positive"	"ingroup"	"positive"	0.726782366064458
"2"	"positive"	"ingroup"	"positive"	0.589107281785553
"2"	"positive"	"outgroup"	"negative"	0.55202176420288
"2"	"positive"	"ingroup"	"negative"	0.408033310467004
"2"	"negative"	"ingroup"	"negative"	0.44344462433031
"2"	"negative"	"ingroup"	"positive"	0.231230912568065
"2"	"negative"	"ingroup"	"negative"	0.992209052453835
"2"	"positive"	"outgroup"	"negative"	0.562592559860015
"2"	"positive"	"outgroup"	"negative"	0.261391697335287
"2"	"positive"	"outgroup"	"positive"	0.308652571533851
"2"	"positive"	"outgroup"	"negative"	1.79166971232547
"2"	"positive"	"outgroup"	"positive"	0.519920573189638
"2"	"positive"	"outgroup"	"negative"	0.301655754451096
"2"	"negative"	"outgroup"	"negative"	0.22897027997463
"2"	"negative"	"ingroup"	"positive"	0.643350896150738
"2"	"positive"	"ingroup"	"negative"	0.528532502930263
"2"	"positive"	"outgroup"	"negative"	0.250326059557479
"2"	"positive"	"outgroup"	"positive"	0.371139765657162
"2"	"negative"	"outgroup"	"negative"	0.211387274962047
"2"	"negative"	"outgroup"	"negative"	0.664427187343238
"2"	"negative"	"ingroup"	"positive"	0.434344757823931
"2"	"negative"	"outgroup"	"negative"	1.20559653235513
"2"	"negative"	"outgroup"	"negative"	0.736984284417271
"2"	"negative"	"outgroup"	"negative"	0.514665320213212
"2"	"positive"	"ingroup"	"positive"	0.511075806640469
"2"	"positive"	"ingroup"	"negative"	0.76518783171384
"2"	"negative"	"outgroup"	"positive"	0.442760389876409
"2"	"positive"	"ingroup"	"positive"	0.244165794691536
"2"	"negative"	"ingroup"	"negative"	0.419926664882689
"2"	"positive"	"ingroup"	"positive"	0.420639025582607
"2"	"positive"	"outgroup"	"positive"	0.59098707925585
"2"	"positive"	"outgroup"	"positive"	0.320268582715295
"2"	"positive"	"outgroup"	"positive"	0.358683665420542
"2"	"positive"	"outgroup"	"positive"	0.52208607423513
"2"	"positive"	"outgroup"	"negative"	0.428758003761274
"2"	"positive"	"outgroup"	"negative"	0.25450275903271
"2"	"negative"	"ingroup"	"negative"	0.329188705079056
"2"	"negative"	"ingroup"	"positive"	0.26104585590149
"2"	"negative"	"ingroup"	"negative"	0.314501441127469
"2"	"negative"	"ingroup"	"positive"	0.48266548239902
"2"	"positive"	"outgroup"	"negative"	0.302935501456174
"2"	"positive"	"outgroup"	"positive"	0.41143070386612
"2"	"negative"	"ingroup"	"negative"	0.50902411748663
"2"	"negative"	"outgroup"	"negative"	0.429130339403632
"2"	"positive"	"outgroup"	"negative"	0.253458929641895
"2"	"positive"	"outgroup"	"positive"	0.813799333026589
"2"	"positive"	"ingroup"	"positive"	0.281084118245433
"2"	"positive"	"ingroup"	"positive"	0.335012609331895
"2"	"positive"	"outgroup"	"negative"	0.216793329957355
"2"	"positive"	"ingroup"	"positive"	0.322348125645264
"2"	"positive"	"outgroup"	"negative"	0.413523232240082
"2"	"positive"	"ingroup"	"positive"	0.220061078560798
"2"	"negative"	"ingroup"	"positive"	0.228023409196871
"2"	"negative"	"outgroup"	"negative"	0.280236616526152
"2"	"positive"	"outgroup"	"positive"	0.611886579835952
"2"	"negative"	"outgroup"	"negative"	0.364474887037452
"2"	"negative"	"ingroup"	"positive"	1.16528679096562
"2"	"negative"	"ingroup"	"negative"	0.367236497822058
"2"	"positive"	"ingroup"	"positive"	0.216823623036162
"2"	"positive"	"ingroup"	"positive"	0.686347825279367
"2"	"positive"	"ingroup"	"negative"	0.588184937874852
"2"	"positive"	"ingroup"	"positive"	0.528990431439065
"2"	"negative"	"outgroup"	"negative"	0.399963925490711
"2"	"negative"	"outgroup"	"negative"	0.232151850878972
"2"	"positive"	"ingroup"	"positive"	0.240950345683173
"2"	"positive"	"ingroup"	"positive"	0.311495265729422
"2"	"negative"	"outgroup"	"negative"	0.343139734179037
"2"	"negative"	"outgroup"	"negative"	0.354820415342819
"2"	"negative"	"outgroup"	"negative"	0.38071476349808
"2"	"positive"	"ingroup"	"positive"	0.290428571293425
"2"	"positive"	"ingroup"	"positive"	0.234096500024485
"2"	"negative"	"outgroup"	"negative"	0.4762780242572
"2"	"negative"	"outgroup"	"negative"	0.263195664039999
"2"	"negative"	"outgroup"	"negative"	0.427308524875254
"2"	"positive"	"outgroup"	"negative"	0.426317850104421
"2"	"negative"	"outgroup"	"negative"	0.264380177533326
"2"	"negative"	"ingroup"	"positive"	0.286634573586775
"2"	"negative"	"outgroup"	"negative"	0.524168969463344
"2"	"negative"	"outgroup"	"negative"	0.533600451691732
"2"	"negative"	"ingroup"	"negative"	0.936448361869738
"2"	"positive"	"outgroup"	"negative"	0.593765627858275
"2"	"negative"	"outgroup"	"negative"	0.434910537982902
"2"	"positive"	"ingroup"	"negative"	0.809710433150147
"2"	"negative"	"outgroup"	"positive"	0.427256648915747
"2"	"negative"	"outgroup"	"positive"	0.314668612722577
"2"	"negative"	"outgroup"	"positive"	0.431538504678471
"2"	"positive"	"ingroup"	"positive"	0.765605939174994
"2"	"negative"	"ingroup"	"positive"	0.327410761886845
"2"	"positive"	"outgroup"	"positive"	0.383109312456932
"2"	"negative"	"outgroup"	"positive"	0.893863755811533
"2"	"negative"	"outgroup"	"negative"	0.543670374244209
"2"	"negative"	"ingroup"	"negative"	0.309681999365151
"2"	"negative"	"ingroup"	"negative"	0.549982517771152
"2"	"positive"	"outgroup"	"negative"	0.909420446290859
"2"	"positive"	"ingroup"	"positive"	0.611337783234434
"2"	"negative"	"ingroup"	"negative"	0.650622233925724
"2"	"negative"	"ingroup"	"negative"	0.3600397797771
"2"	"negative"	"ingroup"	"negative"	0.508190704658564
"2"	"positive"	"ingroup"	"positive"	1.03611854782073
"2"	"negative"	"ingroup"	"negative"	0.354851032584151
"2"	"negative"	"outgroup"	"positive"	0.287120752761383
"2"	"negative"	"outgroup"	"negative"	0.241659648716702
"2"	"negative"	"outgroup"	"negative"	0.710716488214565
"2"	"negative"	"outgroup"	"negative"	0.572630181692906
"2"	"positive"	"ingroup"	"positive"	0.226585754253582
"2"	"negative"	"ingroup"	"negative"	0.631717332302682
"2"	"negative"	"outgroup"	"positive"	0.601850585387096
"2"	"positive"	"ingroup"	"negative"	0.281912053068299
"2"	"positive"	"ingroup"	"positive"	0.299637467310774
"2"	"positive"	"ingroup"	"negative"	0.675555564814079
"2"	"positive"	"ingroup"	"positive"	0.870050293943605
"2"	"negative"	"ingroup"	"negative"	0.27315464852361
"2"	"positive"	"outgroup"	"positive"	0.58454462483428
"2"	"negative"	"outgroup"	"negative"	0.335756970386247
"2"	"negative"	"ingroup"	"positive"	0.229964583907014
"2"	"positive"	"outgroup"	"negative"	0.273385703504178
"2"	"negative"	"ingroup"	"negative"	0.323663423379212
"2"	"positive"	"outgroup"	"negative"	0.204797476868262
"2"	"negative"	"ingroup"	"positive"	0.217873276524783
"2"	"positive"	"ingroup"	"positive"	0.412068199148669
"2"	"positive"	"ingroup"	"negative"	0.341157960698742
"2"	"positive"	"ingroup"	"positive"	0.214654478978071
"2"	"negative"	"ingroup"	"negative"	0.734777245092955
"2"	"negative"	"ingroup"	"negative"	0.305371157620752
"2"	"negative"	"ingroup"	"negative"	0.395075007764176
"2"	"negative"	"ingroup"	"positive"	0.298823115478487
"2"	"negative"	"ingroup"	"positive"	0.226141851997264
"2"	"negative"	"outgroup"	"negative"	0.250137167959771
"2"	"negative"	"outgroup"	"negative"	0.376613438182254
"2"	"positive"	"outgroup"	"positive"	0.423031181778086
"2"	"negative"	"outgroup"	"positive"	0.476274933166748
"2"	"negative"	"outgroup"	"negative"	0.266339165180937
"2"	"negative"	"ingroup"	"negative"	0.44933322804272
"2"	"negative"	"outgroup"	"negative"	0.454163788139641
"2"	"positive"	"ingroup"	"positive"	0.388966989797412
"2"	"positive"	"outgroup"	"negative"	0.279815942007037
"2"	"positive"	"outgroup"	"negative"	0.243581214837949
"2"	"negative"	"ingroup"	"negative"	0.390050351485997
"2"	"positive"	"ingroup"	"positive"	0.278999410014661
"2"	"positive"	"outgroup"	"positive"	0.482173681762744
"2"	"negative"	"outgroup"	"negative"	0.572762837545758
"2"	"positive"	"outgroup"	"positive"	0.459799973623037
"2"	"positive"	"outgroup"	"positive"	0.307668521998607
"2"	"positive"	"outgroup"	"negative"	0.340249822021767
"2"	"negative"	"outgroup"	"negative"	0.227838736250905
"2"	"positive"	"outgroup"	"positive"	0.374346778274016
"2"	"negative"	"outgroup"	"positive"	0.409022996276706
"2"	"positive"	"outgroup"	"negative"	0.498965894819432
"2"	"negative"	"ingroup"	"negative"	0.392956970666954
"2"	"negative"	"ingroup"	"positive"	0.690127494448939
"2"	"negative"	"outgroup"	"negative"	0.257607806122493
"2"	"positive"	"outgroup"	"positive"	0.657466972452992
"2"	"negative"	"outgroup"	"negative"	0.484578381052085
"2"	"positive"	"outgroup"	"positive"	0.416779083288543
"2"	"positive"	"ingroup"	"positive"	0.425867443831857
"2"	"negative"	"ingroup"	"negative"	0.252438411794401
"2"	"positive"	"ingroup"	"negative"	0.591317232072504
"2"	"positive"	"ingroup"	"positive"	0.274731129779144
"2"	"negative"	"outgroup"	"negative"	0.254835662984271
"2"	"negative"	"ingroup"	"positive"	0.346810377850205
"2"	"negative"	"outgroup"	"negative"	0.317078743387687
"2"	"positive"	"outgroup"	"positive"	0.327496383146474
"2"	"negative"	"ingroup"	"negative"	1.19484952777342
"2"	"negative"	"ingroup"	"negative"	0.380349838076968
"2"	"positive"	"outgroup"	"positive"	0.439376080080647
"2"	"negative"	"ingroup"	"negative"	0.473359258557878
"2"	"negative"	"ingroup"	"negative"	0.322171878166446
"2"	"positive"	"outgroup"	"positive"	0.502902236254236
"2"	"negative"	"outgroup"	"negative"	0.282882717924056
"2"	"negative"	"outgroup"	"positive"	0.290582949565411
"2"	"positive"	"outgroup"	"negative"	0.265417044649007
"2"	"negative"	"ingroup"	"positive"	0.335325608791459
"2"	"negative"	"ingroup"	"negative"	1.09699058747085
"2"	"positive"	"outgroup"	"positive"	0.599007679185081
"2"	"negative"	"ingroup"	"negative"	0.598920654841656
"2"	"negative"	"ingroup"	"positive"	0.630567659988301
"2"	"negative"	"ingroup"	"negative"	0.671102920888072
"2"	"positive"	"ingroup"	"positive"	0.612107734090806
"2"	"positive"	"outgroup"	"positive"	0.346597372940228
"2"	"positive"	"ingroup"	"positive"	0.310112641849704
"2"	"negative"	"outgroup"	"negative"	0.341150211881871
"2"	"negative"	"ingroup"	"negative"	0.381893661228515
"2"	"negative"	"ingroup"	"negative"	0.546119740228284
"2"	"negative"	"outgroup"	"negative"	0.232138824332933
"2"	"negative"	"outgroup"	"negative"	0.267880380552065
"2"	"negative"	"outgroup"	"positive"	0.664839095110763
"2"	"positive"	"outgroup"	"positive"	0.413218075134869
"2"	"negative"	"ingroup"	"positive"	0.252952627983655
"2"	"negative"	"outgroup"	"negative"	0.318964757990456
"2"	"positive"	"ingroup"	"positive"	0.231309892848205
"2"	"positive"	"outgroup"	"positive"	0.578420305930104
"2"	"negative"	"outgroup"	"negative"	0.597892289033834
"2"	"negative"	"ingroup"	"negative"	0.846559721503067
"2"	"negative"	"outgroup"	"negative"	0.217929302826154
"2"	"positive"	"ingroup"	"negative"	0.470254028639853
"2"	"negative"	"outgroup"	"negative"	0.295452060590069
"2"	"positive"	"outgroup"	"positive"	0.505832549338667
"2"	"negative"	"outgroup"	"negative"	0.547270568497445
"2"	"positive"	"outgroup"	"positive"	0.354295511981446
"2"	"positive"	"outgroup"	"positive"	0.346474648445161
"2"	"negative"	"outgroup"	"negative"	0.23761809269491
"2"	"negative"	"outgroup"	"negative"	0.315241136567336
"2"	"positive"	"ingroup"	"positive"	0.322486715562723
"2"	"positive"	"outgroup"	"positive"	0.560598000341828
"2"	"negative"	"ingroup"	"negative"	0.81545164397508
"2"	"positive"	"outgroup"	"negative"	0.485621801304854
"2"	"negative"	"outgroup"	"positive"	0.491223475558608
"2"	"positive"	"outgroup"	"positive"	0.62548432630699
"2"	"negative"	"ingroup"	"negative"	0.501776163926786
"2"	"positive"	"outgroup"	"positive"	0.461423881080819
"2"	"positive"	"outgroup"	"negative"	0.60300788833748
"2"	"negative"	"outgroup"	"negative"	0.288764996172165
"2"	"positive"	"outgroup"	"negative"	0.308397710522681
"2"	"positive"	"ingroup"	"positive"	0.48590967982438
"2"	"positive"	"ingroup"	"negative"	0.714953883914794
"2"	"positive"	"outgroup"	"negative"	0.40647309778296
"2"	"positive"	"ingroup"	"negative"	0.554936253437268
"2"	"positive"	"outgroup"	"positive"	0.408162984287061
"2"	"positive"	"ingroup"	"positive"	0.322986672033891
"2"	"negative"	"outgroup"	"negative"	0.260084584330552
"2"	"negative"	"outgroup"	"negative"	0.480611481061738
"2"	"positive"	"ingroup"	"positive"	0.435689726191795
"2"	"positive"	"outgroup"	"negative"	0.333144218679126
"2"	"negative"	"outgroup"	"negative"	0.356153387787433
"2"	"positive"	"outgroup"	"negative"	0.469116630999988
"2"	"positive"	"ingroup"	"negative"	0.599424717669926
"2"	"negative"	"outgroup"	"positive"	0.453860312137836
"2"	"negative"	"outgroup"	"negative"	0.220318734870629
"2"	"positive"	"ingroup"	"negative"	0.397496518089124
"2"	"positive"	"outgroup"	"positive"	0.440015928508103
"2"	"positive"	"ingroup"	"positive"	0.214595748527752
"2"	"negative"	"ingroup"	"negative"	0.239155662379051
"2"	"negative"	"outgroup"	"positive"	0.774858411166151
"2"	"positive"	"ingroup"	"negative"	0.75505069122073
"2"	"negative"	"ingroup"	"negative"	0.379714064126071
"2"	"negative"	"ingroup"	"positive"	0.232208482540872
"2"	"negative"	"outgroup"	"positive"	0.801220118171073
"2"	"positive"	"ingroup"	"positive"	0.21341277246448
"2"	"negative"	"outgroup"	"negative"	0.30095944567952
"2"	"negative"	"ingroup"	"negative"	0.494898248522439
"2"	"positive"	"outgroup"	"negative"	0.339831158531238
"2"	"positive"	"ingroup"	"positive"	0.24186156004746
"2"	"positive"	"ingroup"	"positive"	1.06814501398179
"2"	"positive"	"outgroup"	"positive"	0.343675002936002
"2"	"negative"	"outgroup"	"positive"	0.241073324968913
"2"	"negative"	"outgroup"	"negative"	0.919180271587527
"2"	"negative"	"outgroup"	"negative"	0.384364577900501
"2"	"negative"	"ingroup"	"positive"	0.328868765697806
"2"	"negative"	"ingroup"	"negative"	0.491057523204816
"2"	"negative"	"ingroup"	"negative"	0.355864352201192
"2"	"negative"	"outgroup"	"negative"	0.328097485301748
"2"	"positive"	"outgroup"	"positive"	0.285912389995174
"2"	"negative"	"outgroup"	"positive"	0.465397047324195
"2"	"positive"	"ingroup"	"positive"	0.218352903569604
"2"	"positive"	"outgroup"	"negative"	0.637139725555413
"2"	"negative"	"outgroup"	"negative"	0.221755560467376
"2"	"positive"	"outgroup"	"negative"	0.352573763952328
"2"	"positive"	"ingroup"	"positive"	0.618768570322376
"2"	"positive"	"outgroup"	"negative"	0.237890722955896
"2"	"positive"	"ingroup"	"positive"	0.553876262120852
"2"	"positive"	"outgroup"	"positive"	0.653676465060506
"2"	"negative"	"outgroup"	"negative"	0.248754303225271
"2"	"negative"	"ingroup"	"negative"	0.316375578642103
"2"	"positive"	"outgroup"	"positive"	0.428288261760748
"2"	"positive"	"outgroup"	"negative"	0.462132472572087
"2"	"negative"	"outgroup"	"positive"	0.233412768755063
"2"	"negative"	"ingroup"	"negative"	0.566308053673739
"2"	"negative"	"ingroup"	"negative"	0.486338723300816
"2"	"negative"	"ingroup"	"negative"	0.362932963929349
"2"	"negative"	"ingroup"	"negative"	0.617242755878325
"2"	"positive"	"ingroup"	"negative"	0.363753857119581
"2"	"negative"	"ingroup"	"negative"	0.341387627907953
"2"	"positive"	"outgroup"	"positive"	0.531739799161193
"2"	"negative"	"outgroup"	"negative"	0.430875676504724
"2"	"negative"	"ingroup"	"negative"	0.709102046424423
"2"	"positive"	"ingroup"	"positive"	0.209647348554822
"2"	"negative"	"ingroup"	"positive"	0.215088503133624
"2"	"negative"	"ingroup"	"negative"	0.578075076998198
"2"	"negative"	"outgroup"	"negative"	0.371988812374425
"2"	"negative"	"ingroup"	"positive"	0.783910907879853
"2"	"negative"	"ingroup"	"negative"	0.29372901750877
"2"	"positive"	"ingroup"	"positive"	0.274708482804344
"2"	"positive"	"ingroup"	"negative"	0.975805604042206
"2"	"positive"	"outgroup"	"positive"	0.477166090892125
"2"	"negative"	"ingroup"	"positive"	0.237012380777097
"2"	"positive"	"outgroup"	"positive"	0.338139281380705
"2"	"positive"	"ingroup"	"positive"	0.249529908202874
"2"	"positive"	"ingroup"	"negative"	0.586808401255754
"2"	"negative"	"ingroup"	"negative"	0.501181620208025
"2"	"negative"	"ingroup"	"positive"	0.316785647846965
"2"	"negative"	"ingroup"	"positive"	0.56026272055717
"2"	"negative"	"outgroup"	"negative"	0.2338506813558
"2"	"positive"	"ingroup"	"positive"	0.571199563690057
"2"	"positive"	"outgroup"	"negative"	0.266190210547165
"2"	"negative"	"outgroup"	"positive"	0.418903260705251
"2"	"positive"	"outgroup"	"negative"	0.264225476087774
"2"	"negative"	"outgroup"	"negative"	0.24096765252127
"2"	"negative"	"outgroup"	"negative"	0.295145330755933
"2"	"positive"	"outgroup"	"negative"	0.790380887286611
"2"	"positive"	"outgroup"	"positive"	0.69464266944293
"2"	"negative"	"outgroup"	"negative"	0.294783761796751
"2"	"positive"	"ingroup"	"positive"	0.262079610540704
"2"	"positive"	"ingroup"	"positive"	0.582343322193907
"2"	"negative"	"ingroup"	"negative"	0.421378939094042
"2"	"negative"	"ingroup"	"negative"	0.739242002446816
"2"	"positive"	"ingroup"	"negative"	0.575898887928193
"2"	"positive"	"outgroup"	"positive"	0.449297137663543
"2"	"negative"	"ingroup"	"negative"	0.267665520899082
"2"	"positive"	"outgroup"	"positive"	0.418606293379358
"2"	"negative"	"outgroup"	"negative"	0.656463890625115
"2"	"positive"	"ingroup"	"positive"	0.234620957553516
"2"	"negative"	"outgroup"	"negative"	0.229398675730852
"2"	"negative"	"outgroup"	"positive"	0.5945153730193
"2"	"negative"	"outgroup"	"negative"	0.345263654896639
"2"	"positive"	"ingroup"	"negative"	0.421124122926492
"2"	"negative"	"ingroup"	"positive"	0.646054848838601
"2"	"positive"	"outgroup"	"positive"	0.511622957245722
"2"	"positive"	"ingroup"	"positive"	0.645811717088214
"2"	"positive"	"ingroup"	"positive"	0.234959770777808
"2"	"positive"	"outgroup"	"positive"	0.488504695125366
"2"	"negative"	"outgroup"	"negative"	0.575912957158435
"2"	"negative"	"ingroup"	"positive"	0.234616367126727
"2"	"negative"	"outgroup"	"negative"	0.345119853107978
"2"	"positive"	"outgroup"	"positive"	0.385587706879224
"2"	"negative"	"ingroup"	"negative"	0.303050173420494
"2"	"negative"	"ingroup"	"positive"	0.207997087949611
"2"	"negative"	"outgroup"	"positive"	0.456399699913586
"2"	"negative"	"outgroup"	"negative"	0.24051439177994
"2"	"positive"	"outgroup"	"positive"	0.576697772068866
"2"	"negative"	"outgroup"	"positive"	0.489905874379793
"2"	"negative"	"ingroup"	"negative"	0.583587772146616
"2"	"negative"	"ingroup"	"negative"	0.496504846135122
"2"	"positive"	"outgroup"	"positive"	0.372122345023887
"2"	"negative"	"ingroup"	"negative"	0.45186596434261
"2"	"positive"	"ingroup"	"negative"	0.500667802157886
"2"	"negative"	"outgroup"	"negative"	0.406320773233924
"2"	"positive"	"outgroup"	"positive"	0.50803015709319
"2"	"positive"	"ingroup"	"positive"	0.633446476298134
"2"	"positive"	"ingroup"	"positive"	0.619075759578653
"2"	"positive"	"ingroup"	"positive"	0.420374010416269
"2"	"negative"	"ingroup"	"negative"	0.829398126487155
"2"	"positive"	"ingroup"	"positive"	0.325063543025414
"2"	"positive"	"outgroup"	"positive"	1.03661882208201
"2"	"negative"	"outgroup"	"positive"	0.256433061606938
"2"	"positive"	"ingroup"	"positive"	0.517889223186488
"2"	"negative"	"outgroup"	"negative"	0.222143469635732
"2"	"negative"	"ingroup"	"negative"	0.670294514689947
"2"	"positive"	"outgroup"	"negative"	0.253943173911361
"2"	"positive"	"ingroup"	"positive"	0.319907835504815
"3"	"negative"	"ingroup"	"positive"	0.426628637484345
"3"	"negative"	"outgroup"	"negative"	0.446842768603175
"3"	"positive"	"outgroup"	"positive"	0.46532437879454
"3"	"positive"	"outgroup"	"negative"	0.564010737182972
"3"	"positive"	"outgroup"	"positive"	0.589555817477258
"3"	"negative"	"ingroup"	"negative"	0.422196392569175
"3"	"positive"	"outgroup"	"positive"	0.76983909855686
"3"	"positive"	"ingroup"	"positive"	0.359661393995888
"3"	"negative"	"outgroup"	"negative"	0.429281371082275
"3"	"positive"	"outgroup"	"positive"	0.328604504511637
"3"	"negative"	"ingroup"	"negative"	0.788995775282524
"3"	"positive"	"ingroup"	"negative"	1.18082253261174
"3"	"positive"	"ingroup"	"positive"	0.665509692857288
"3"	"positive"	"ingroup"	"positive"	0.454951369645155
"3"	"negative"	"ingroup"	"positive"	0.447180336565828
"3"	"positive"	"outgroup"	"positive"	0.441973117886187
"3"	"positive"	"outgroup"	"positive"	0.328993805690002
"3"	"positive"	"outgroup"	"negative"	0.512703633195985
"3"	"positive"	"ingroup"	"positive"	0.504628903119919
"3"	"positive"	"outgroup"	"positive"	1.01142140568631
"3"	"positive"	"ingroup"	"positive"	0.486582538989719
"3"	"negative"	"ingroup"	"positive"	0.534517409658611
"3"	"positive"	"ingroup"	"positive"	0.730572836058145
"3"	"positive"	"ingroup"	"positive"	0.387074628833077
"3"	"negative"	"ingroup"	"negative"	0.723755635182887
"3"	"positive"	"ingroup"	"positive"	0.3795839777276
"3"	"positive"	"outgroup"	"positive"	0.46274095111463
"3"	"positive"	"ingroup"	"negative"	0.915079156606484
"3"	"negative"	"ingroup"	"negative"	1.47732528636517
"3"	"positive"	"ingroup"	"positive"	0.464529062961108
"3"	"positive"	"outgroup"	"positive"	0.545185965925509
"3"	"positive"	"outgroup"	"negative"	0.365298632284162
"3"	"positive"	"ingroup"	"negative"	0.923658534842
"3"	"negative"	"ingroup"	"negative"	0.797459241458806
"3"	"positive"	"ingroup"	"positive"	0.421546393810628
"3"	"positive"	"ingroup"	"positive"	1.19306723696348
"3"	"negative"	"ingroup"	"positive"	0.295705852719004
"3"	"negative"	"outgroup"	"negative"	0.288683085025129
"3"	"positive"	"ingroup"	"positive"	0.342068008926972
"3"	"negative"	"outgroup"	"negative"	0.266283885370223
"3"	"negative"	"outgroup"	"positive"	0.588680682116908
"3"	"negative"	"ingroup"	"positive"	0.306350165756236
"3"	"positive"	"ingroup"	"positive"	0.298652326269467
"3"	"positive"	"ingroup"	"positive"	0.57701968084837
"3"	"positive"	"outgroup"	"negative"	0.320144853648116
"3"	"positive"	"ingroup"	"negative"	1.10810785959325
"3"	"negative"	"outgroup"	"negative"	0.619457507846281
"3"	"negative"	"outgroup"	"positive"	0.48682555456597
"3"	"positive"	"outgroup"	"positive"	0.352563589735763
"3"	"positive"	"ingroup"	"positive"	0.339607049160349
"3"	"negative"	"ingroup"	"positive"	0.304134268333218
"3"	"negative"	"ingroup"	"negative"	0.649872367057369
"3"	"negative"	"ingroup"	"positive"	0.509235229806509
"3"	"negative"	"outgroup"	"negative"	0.35338113049473
"3"	"positive"	"outgroup"	"positive"	0.603864443058583
"3"	"negative"	"ingroup"	"negative"	0.521333810386708
"3"	"positive"	"outgroup"	"positive"	0.793806186081373
"3"	"negative"	"outgroup"	"negative"	0.308976948976807
"3"	"positive"	"outgroup"	"positive"	0.751545902992029
"3"	"positive"	"outgroup"	"positive"	0.647190833131071
"3"	"negative"	"ingroup"	"negative"	1.12787587186367
"3"	"positive"	"ingroup"	"positive"	0.403117068424937
"3"	"negative"	"outgroup"	"positive"	0.56156765686729
"3"	"positive"	"ingroup"	"positive"	0.787493778445992
"3"	"positive"	"ingroup"	"positive"	0.437309023763198
"3"	"negative"	"outgroup"	"negative"	0.456025621292834
"3"	"positive"	"outgroup"	"positive"	0.436936767975362
"3"	"positive"	"outgroup"	"positive"	0.440464042500288
"3"	"positive"	"outgroup"	"negative"	0.361109006321545
"3"	"negative"	"ingroup"	"negative"	0.443566305967818
"3"	"negative"	"outgroup"	"negative"	0.524548577515804
"3"	"negative"	"outgroup"	"negative"	0.716431936179525
"3"	"negative"	"ingroup"	"negative"	0.699775064616915
"3"	"negative"	"outgroup"	"negative"	0.466612554552664
"3"	"positive"	"outgroup"	"negative"	0.407796087718289
"3"	"positive"	"ingroup"	"negative"	0.501309868520781
"3"	"negative"	"ingroup"	"negative"	0.623171735175463
"3"	"positive"	"ingroup"	"positive"	0.300625771011483
"3"	"positive"	"ingroup"	"negative"	0.430788303762487
"3"	"positive"	"outgroup"	"negative"	0.605086935926569
"3"	"negative"	"ingroup"	"negative"	0.370228675763988
"3"	"positive"	"ingroup"	"positive"	0.352473564642166
"3"	"negative"	"outgroup"	"negative"	0.805930174547409
"3"	"negative"	"ingroup"	"negative"	0.851938862468102
"3"	"positive"	"outgroup"	"negative"	0.540522040518861
"3"	"negative"	"outgroup"	"negative"	0.572512251672945
"3"	"negative"	"outgroup"	"negative"	0.289449244141719
"3"	"positive"	"ingroup"	"positive"	0.499996411208901
"3"	"negative"	"outgroup"	"negative"	0.857177131187262
"3"	"positive"	"ingroup"	"positive"	0.306349124131252
"3"	"positive"	"outgroup"	"negative"	0.429941449731074
"3"	"negative"	"outgroup"	"negative"	0.37295061668926
"3"	"negative"	"outgroup"	"negative"	0.318663566538818
"3"	"positive"	"outgroup"	"negative"	0.420681296421063
"3"	"negative"	"outgroup"	"negative"	0.462501806158137
"3"	"positive"	"ingroup"	"positive"	0.343256509164982
"3"	"negative"	"ingroup"	"negative"	0.755169329771169
"3"	"negative"	"ingroup"	"negative"	0.477629074351537
"3"	"positive"	"outgroup"	"positive"	0.515428357651161
"3"	"negative"	"outgroup"	"negative"	0.359855641619372
"3"	"positive"	"ingroup"	"negative"	0.442209884046629
"3"	"negative"	"ingroup"	"negative"	0.449882327109643
"3"	"positive"	"outgroup"	"positive"	0.889248682714725
"3"	"negative"	"ingroup"	"negative"	0.559999795083156
"3"	"negative"	"ingroup"	"positive"	0.357371969579539
"3"	"positive"	"outgroup"	"positive"	1.56883374381139
"3"	"positive"	"outgroup"	"positive"	0.670820452354991
"3"	"negative"	"outgroup"	"negative"	0.290582674463767
"3"	"positive"	"ingroup"	"negative"	0.429030976776003
"3"	"positive"	"ingroup"	"positive"	0.445272866188801
"3"	"negative"	"outgroup"	"negative"	0.443101247208687
"3"	"positive"	"ingroup"	"positive"	0.393161634557386
"3"	"positive"	"ingroup"	"negative"	0.903410408979801
"3"	"negative"	"outgroup"	"negative"	0.4989657489875
"3"	"positive"	"ingroup"	"positive"	0.429463767734867
"3"	"positive"	"ingroup"	"positive"	0.364105725248031
"3"	"positive"	"outgroup"	"negative"	0.545199805067509
"3"	"negative"	"ingroup"	"negative"	0.293102296685959
"3"	"negative"	"ingroup"	"negative"	1.07036246038331
"3"	"positive"	"ingroup"	"positive"	0.608028629779662
"3"	"positive"	"outgroup"	"negative"	0.361349479433576
"3"	"negative"	"outgroup"	"negative"	0.532438263504455
"3"	"negative"	"outgroup"	"negative"	0.417703770440172
"3"	"negative"	"ingroup"	"positive"	0.941297508667272
"3"	"negative"	"outgroup"	"negative"	0.416235852298833
"3"	"positive"	"outgroup"	"positive"	0.371444274579863
"3"	"positive"	"outgroup"	"positive"	0.609081148449993
"3"	"negative"	"outgroup"	"negative"	0.572909439641569
"3"	"positive"	"outgroup"	"positive"	1.17369733059782
"3"	"negative"	"ingroup"	"positive"	0.484896845606915
"3"	"positive"	"outgroup"	"positive"	1.12860559944762
"3"	"positive"	"ingroup"	"positive"	1.25395964431832
"3"	"positive"	"ingroup"	"positive"	0.852493928155677
"3"	"positive"	"ingroup"	"positive"	0.734361159294213
"3"	"positive"	"outgroup"	"positive"	0.863149004031924
"3"	"positive"	"outgroup"	"positive"	0.656294737568123
"3"	"negative"	"outgroup"	"negative"	0.307269496219339
"3"	"negative"	"ingroup"	"negative"	0.415717600845178
"3"	"positive"	"outgroup"	"negative"	0.356116101986419
"3"	"negative"	"ingroup"	"negative"	0.707976605606329
"3"	"negative"	"ingroup"	"negative"	0.281627293786845
"3"	"positive"	"outgroup"	"positive"	0.433268181535262
"3"	"negative"	"outgroup"	"negative"	0.425856537511857
"3"	"positive"	"outgroup"	"positive"	0.67209647844933
"3"	"positive"	"ingroup"	"positive"	0.377791224583617
"3"	"positive"	"ingroup"	"positive"	0.476210120954651
"3"	"negative"	"outgroup"	"negative"	0.403766067341071
"3"	"positive"	"ingroup"	"positive"	0.464497785971602
"3"	"positive"	"ingroup"	"negative"	0.871517177227832
"3"	"positive"	"ingroup"	"positive"	0.821593762056078
"3"	"positive"	"ingroup"	"positive"	0.81034140911811
"3"	"negative"	"outgroup"	"negative"	0.62256209601964
"3"	"negative"	"outgroup"	"negative"	0.406120434879472
"3"	"positive"	"outgroup"	"positive"	0.321193035316497
"3"	"positive"	"ingroup"	"positive"	0.374204416049719
"3"	"negative"	"outgroup"	"negative"	0.40153298492163
"3"	"negative"	"ingroup"	"negative"	0.582228428003631
"3"	"positive"	"outgroup"	"positive"	0.391055244825332
"3"	"positive"	"ingroup"	"positive"	0.315008192929787
"3"	"positive"	"outgroup"	"positive"	0.571388740322514
"3"	"negative"	"outgroup"	"negative"	0.635902241911962
"3"	"negative"	"ingroup"	"negative"	0.376363024199671
"3"	"negative"	"ingroup"	"positive"	0.348122791654026
"3"	"negative"	"outgroup"	"negative"	0.462241033216087
"3"	"positive"	"ingroup"	"positive"	0.339180206997025
"3"	"positive"	"outgroup"	"negative"	0.611339505655116
"3"	"positive"	"outgroup"	"positive"	0.554731396254548
"3"	"negative"	"outgroup"	"negative"	0.426276558467908
"3"	"negative"	"ingroup"	"positive"	0.700343112791607
"3"	"positive"	"ingroup"	"positive"	0.67154707138476
"3"	"positive"	"ingroup"	"positive"	0.443364202600018
"3"	"positive"	"ingroup"	"positive"	0.363679330824504
"3"	"negative"	"ingroup"	"negative"	0.827204591385834
"3"	"negative"	"ingroup"	"positive"	0.668045174034071
"3"	"positive"	"outgroup"	"positive"	0.582170012835375
"3"	"positive"	"ingroup"	"positive"	0.584398020450306
"3"	"positive"	"ingroup"	"positive"	0.420149516265286
"3"	"negative"	"ingroup"	"positive"	0.307077226424078
"3"	"negative"	"outgroup"	"negative"	1.39133308934615
"3"	"negative"	"outgroup"	"negative"	1.27243039621155
"3"	"positive"	"outgroup"	"positive"	0.6144609709545
"3"	"positive"	"outgroup"	"positive"	0.500711856447295
"3"	"negative"	"ingroup"	"negative"	0.775911603971475
"3"	"negative"	"outgroup"	"negative"	0.465953776980282
"3"	"positive"	"ingroup"	"positive"	0.27770943658338
"3"	"positive"	"outgroup"	"negative"	0.748904610015885
"3"	"positive"	"outgroup"	"positive"	0.416312469651897
"3"	"negative"	"outgroup"	"negative"	0.504910687103178
"3"	"negative"	"outgroup"	"positive"	1.04608561418238
"3"	"negative"	"ingroup"	"negative"	0.507007832931432
"3"	"negative"	"outgroup"	"negative"	0.272690069861668
"3"	"positive"	"outgroup"	"negative"	0.440686066898707
"3"	"positive"	"ingroup"	"positive"	0.58816453130581
"3"	"positive"	"outgroup"	"negative"	0.341911643749134
"3"	"positive"	"ingroup"	"negative"	0.388347728212902
"3"	"negative"	"ingroup"	"negative"	0.746395320781389
"3"	"negative"	"outgroup"	"negative"	0.362414218189777
"3"	"negative"	"outgroup"	"negative"	0.360579035226055
"3"	"positive"	"ingroup"	"positive"	0.342409014609721
"3"	"negative"	"outgroup"	"negative"	0.67936913328617
"3"	"negative"	"outgroup"	"negative"	0.751884311935835
"3"	"negative"	"ingroup"	"positive"	0.421969175875446
"3"	"positive"	"outgroup"	"negative"	0.421645894657232
"3"	"negative"	"outgroup"	"negative"	0.341101827113432
"3"	"positive"	"outgroup"	"positive"	0.768470190159211
"3"	"negative"	"outgroup"	"positive"	0.520556490892165
"3"	"positive"	"outgroup"	"positive"	0.365839202939738
"3"	"negative"	"outgroup"	"negative"	0.503763243996591
"3"	"positive"	"ingroup"	"positive"	0.339096065640972
"3"	"negative"	"outgroup"	"positive"	0.469519329395797
"3"	"positive"	"outgroup"	"negative"	0.35436552567642
"3"	"negative"	"outgroup"	"positive"	0.509315996932504
"3"	"negative"	"ingroup"	"positive"	0.623622873825107
"3"	"negative"	"ingroup"	"negative"	1.19489781555646
"3"	"negative"	"ingroup"	"negative"	0.581962280613726
"3"	"negative"	"ingroup"	"negative"	0.733011065403825
"3"	"negative"	"outgroup"	"negative"	0.791460406287896
"3"	"negative"	"outgroup"	"negative"	0.342513650509277
"3"	"positive"	"ingroup"	"negative"	0.453720393553319
"3"	"negative"	"outgroup"	"negative"	0.35436525604791
"3"	"positive"	"outgroup"	"positive"	0.421504376772704
"3"	"positive"	"ingroup"	"positive"	0.330663196571172
"3"	"positive"	"ingroup"	"negative"	0.416910118837449
"3"	"negative"	"ingroup"	"positive"	0.319257926045825
"3"	"negative"	"ingroup"	"negative"	0.449377835668045
"3"	"negative"	"outgroup"	"positive"	0.762296044187891
"3"	"negative"	"ingroup"	"positive"	0.475111601957704
"3"	"negative"	"ingroup"	"negative"	1.30952359916353
"3"	"positive"	"ingroup"	"positive"	0.484242413897274
"3"	"positive"	"outgroup"	"positive"	1.60403584362431
"3"	"negative"	"ingroup"	"positive"	0.532434400520602
"3"	"positive"	"ingroup"	"positive"	0.376280220180605
"3"	"positive"	"outgroup"	"positive"	0.819533568000933
"3"	"negative"	"outgroup"	"negative"	0.365668810506457
"3"	"positive"	"ingroup"	"positive"	0.496009779293615
"3"	"negative"	"ingroup"	"positive"	0.559793202943196
"3"	"positive"	"ingroup"	"positive"	0.34203442419298
"3"	"negative"	"outgroup"	"positive"	0.363781936628107
"3"	"positive"	"ingroup"	"positive"	0.984824292755477
"3"	"negative"	"outgroup"	"negative"	0.66435945682764
"3"	"negative"	"outgroup"	"negative"	0.551714739114798
"3"	"positive"	"outgroup"	"negative"	0.660718412713901
"3"	"positive"	"outgroup"	"positive"	0.412003625094881
"3"	"negative"	"ingroup"	"positive"	0.459357476236419
"3"	"positive"	"ingroup"	"negative"	0.396313078747383
"3"	"negative"	"outgroup"	"negative"	0.580691516678787
"3"	"positive"	"ingroup"	"negative"	0.40662034998801
"3"	"negative"	"ingroup"	"positive"	0.569932780024233
"3"	"positive"	"ingroup"	"positive"	0.813456494827611
"3"	"negative"	"ingroup"	"positive"	0.285012237374454
"3"	"negative"	"outgroup"	"negative"	0.549596016406309
"3"	"positive"	"outgroup"	"positive"	1.35217282202324
"3"	"negative"	"outgroup"	"negative"	0.340531894659172
"3"	"negative"	"outgroup"	"positive"	0.445561444792419
"3"	"negative"	"ingroup"	"positive"	0.634906685899195
"3"	"negative"	"ingroup"	"negative"	1.78410797778483
"3"	"negative"	"ingroup"	"positive"	1.32620294813012
"3"	"positive"	"outgroup"	"negative"	0.34122151087709
"3"	"positive"	"ingroup"	"positive"	0.715939961039309
"3"	"negative"	"outgroup"	"positive"	0.842044543112812
"3"	"negative"	"ingroup"	"positive"	0.3595107032722
"3"	"positive"	"ingroup"	"negative"	0.554603881293506
"3"	"negative"	"ingroup"	"negative"	0.329585675821004
"3"	"negative"	"outgroup"	"negative"	0.842621087913434
"3"	"negative"	"ingroup"	"negative"	0.376031642315741
"3"	"positive"	"ingroup"	"positive"	0.377274717252799
"3"	"negative"	"outgroup"	"negative"	0.438992668298573
"3"	"positive"	"outgroup"	"negative"	0.625271470719351
"3"	"positive"	"outgroup"	"negative"	0.401875683744704
"3"	"negative"	"ingroup"	"negative"	0.881966157864549
"3"	"positive"	"outgroup"	"negative"	0.299154873294816
"3"	"positive"	"ingroup"	"positive"	0.714839987950034
"3"	"positive"	"ingroup"	"positive"	0.400435684534442
"3"	"positive"	"outgroup"	"positive"	0.451783092931035
"3"	"negative"	"ingroup"	"positive"	0.313817664664049
"3"	"positive"	"outgroup"	"positive"	1.35310498041597
"3"	"negative"	"ingroup"	"negative"	0.951881137266745
"3"	"negative"	"outgroup"	"negative"	0.510554721557339
"3"	"positive"	"ingroup"	"positive"	1.05445010491017
"3"	"negative"	"outgroup"	"positive"	0.931194138459496
"3"	"positive"	"outgroup"	"negative"	0.263979820036108
"3"	"positive"	"outgroup"	"positive"	0.742673597640716
"3"	"negative"	"outgroup"	"negative"	0.591342244321436
"3"	"negative"	"outgroup"	"negative"	0.33390389884014
"3"	"positive"	"outgroup"	"negative"	0.534128689953027
"3"	"negative"	"outgroup"	"positive"	0.449193710714075
"3"	"positive"	"ingroup"	"negative"	0.4175224952097
"3"	"negative"	"outgroup"	"negative"	0.316384482257135
"3"	"positive"	"ingroup"	"positive"	0.901207858658374
"3"	"negative"	"outgroup"	"negative"	0.583489152400819
"3"	"positive"	"ingroup"	"positive"	0.368913301985113
"3"	"positive"	"outgroup"	"negative"	1.13887011211645
"3"	"negative"	"ingroup"	"negative"	0.71576849640549
"3"	"negative"	"ingroup"	"negative"	0.450687386762353
"3"	"negative"	"ingroup"	"negative"	0.520062487882907
"3"	"negative"	"ingroup"	"positive"	0.704717403557263
"3"	"positive"	"outgroup"	"positive"	0.690729519831062
"3"	"negative"	"outgroup"	"negative"	0.621848922748832
"3"	"negative"	"ingroup"	"negative"	0.450504623778098
"3"	"negative"	"ingroup"	"negative"	1.22905429838437
"3"	"negative"	"outgroup"	"positive"	0.562112814146696
"3"	"positive"	"ingroup"	"positive"	0.317517136669205
"3"	"negative"	"ingroup"	"negative"	0.493400595220151
"3"	"positive"	"ingroup"	"positive"	0.38044133578258
"3"	"negative"	"ingroup"	"negative"	0.659173650495103
"3"	"negative"	"outgroup"	"negative"	0.546136039492187
"3"	"negative"	"outgroup"	"negative"	0.376753218042266
"3"	"negative"	"outgroup"	"negative"	0.485315402359454
"3"	"negative"	"outgroup"	"positive"	0.528474924626625
"3"	"negative"	"outgroup"	"positive"	0.589785262467705
"3"	"positive"	"outgroup"	"positive"	0.771542650586723
"3"	"positive"	"ingroup"	"positive"	0.65729503230435
"3"	"positive"	"ingroup"	"positive"	0.415355592208189
"3"	"negative"	"ingroup"	"negative"	0.582140549099887
"3"	"positive"	"ingroup"	"negative"	0.678085104977208
"3"	"negative"	"outgroup"	"negative"	0.749549491481585
"3"	"negative"	"ingroup"	"positive"	0.32929742037027
"3"	"negative"	"ingroup"	"negative"	0.349043371079705
"3"	"negative"	"ingroup"	"negative"	0.47457883942784
"3"	"positive"	"outgroup"	"positive"	0.773775205827186
"3"	"positive"	"outgroup"	"negative"	0.328108984381647
"3"	"negative"	"ingroup"	"negative"	0.936253301715066
"3"	"negative"	"outgroup"	"negative"	0.456965179934298
"3"	"negative"	"outgroup"	"negative"	1.0541926926174
"3"	"positive"	"ingroup"	"positive"	0.292094853096072
"3"	"negative"	"outgroup"	"positive"	0.643122900119771
"3"	"negative"	"outgroup"	"negative"	0.354073106158809
"3"	"negative"	"outgroup"	"positive"	0.58949100968721
"3"	"negative"	"outgroup"	"negative"	0.420512891278768
"3"	"positive"	"ingroup"	"positive"	0.812462509636942
"3"	"positive"	"outgroup"	"negative"	0.671127916028786
"3"	"negative"	"ingroup"	"negative"	0.533496029413743
"3"	"positive"	"ingroup"	"negative"	0.657689315338795
"3"	"positive"	"outgroup"	"positive"	0.679146754974772
"3"	"positive"	"ingroup"	"positive"	0.640934403736056
"3"	"negative"	"outgroup"	"negative"	0.887842065127311
"3"	"positive"	"ingroup"	"negative"	0.875584237747927
"3"	"positive"	"ingroup"	"positive"	0.369253081190761
"3"	"negative"	"ingroup"	"positive"	0.453432234560117
"3"	"negative"	"ingroup"	"positive"	0.282369334554882
"3"	"negative"	"outgroup"	"negative"	0.385068091517144
"3"	"negative"	"ingroup"	"negative"	0.701157435794986
"3"	"negative"	"ingroup"	"positive"	0.412688723824404
"3"	"negative"	"ingroup"	"negative"	1.39094772060212
"3"	"negative"	"ingroup"	"positive"	0.32307080430873
"3"	"positive"	"outgroup"	"negative"	0.66655063637184
"3"	"negative"	"outgroup"	"negative"	0.485808266402232
"3"	"negative"	"outgroup"	"negative"	0.368199338184726
"3"	"positive"	"outgroup"	"positive"	0.426624062348362
"3"	"negative"	"ingroup"	"negative"	0.807867616726354
"3"	"negative"	"outgroup"	"negative"	0.423634608086915
"3"	"negative"	"outgroup"	"negative"	0.396507887989371
"3"	"positive"	"outgroup"	"negative"	0.485778920543751
"3"	"positive"	"outgroup"	"negative"	0.334168879904511
"3"	"negative"	"outgroup"	"positive"	0.769595142203903
"3"	"negative"	"outgroup"	"negative"	0.431683208591834
"3"	"positive"	"ingroup"	"positive"	1.08603743343696
"3"	"negative"	"outgroup"	"negative"	0.625839719164388
"3"	"positive"	"ingroup"	"negative"	1.09337340066765
"3"	"negative"	"outgroup"	"negative"	1.19564973923626
"3"	"negative"	"outgroup"	"negative"	0.412374094378257
"3"	"negative"	"ingroup"	"negative"	1.50878988488108
"3"	"negative"	"ingroup"	"negative"	0.714444857217073
"3"	"positive"	"ingroup"	"positive"	0.492615412585687
"3"	"negative"	"ingroup"	"positive"	1.74127821729609
"3"	"positive"	"ingroup"	"positive"	0.578485409618036
"3"	"positive"	"ingroup"	"positive"	0.276536034004299
"3"	"negative"	"outgroup"	"negative"	0.298644849171905
"3"	"positive"	"ingroup"	"positive"	0.340034697148202
"3"	"positive"	"ingroup"	"positive"	0.786463862519053
"3"	"negative"	"ingroup"	"negative"	0.637619361192959
"3"	"positive"	"ingroup"	"positive"	1.02955175770801
"3"	"positive"	"outgroup"	"positive"	0.639520217734633
"3"	"negative"	"outgroup"	"positive"	0.891753373767522
"3"	"negative"	"ingroup"	"positive"	1.1747340704043
"3"	"positive"	"outgroup"	"negative"	0.38160035805361
"3"	"negative"	"ingroup"	"positive"	0.387157936652834
"3"	"negative"	"outgroup"	"negative"	1.0033056744122
"3"	"positive"	"outgroup"	"positive"	0.483122842410708
"3"	"positive"	"outgroup"	"negative"	0.590167295721987
"3"	"positive"	"ingroup"	"negative"	0.844244166127593
"3"	"negative"	"ingroup"	"negative"	1.8163758117349
"3"	"positive"	"outgroup"	"positive"	0.615160787165565
"3"	"negative"	"ingroup"	"positive"	0.37672776253162
"3"	"negative"	"ingroup"	"negative"	0.356961163666786
"3"	"negative"	"outgroup"	"negative"	0.314545117645576
"3"	"positive"	"outgroup"	"positive"	0.425396766293729
"3"	"positive"	"outgroup"	"positive"	0.820672837460063
"3"	"negative"	"ingroup"	"positive"	0.382946930547471
"3"	"positive"	"ingroup"	"positive"	0.377944333093951
"3"	"positive"	"outgroup"	"negative"	0.289327816219188
"3"	"negative"	"outgroup"	"negative"	0.949074100232204
"3"	"positive"	"ingroup"	"positive"	0.472083313079604
"3"	"positive"	"outgroup"	"negative"	0.357895280114689
"3"	"positive"	"outgroup"	"positive"	0.45672489341344
"3"	"negative"	"ingroup"	"negative"	0.372597721574621
"3"	"negative"	"ingroup"	"positive"	0.509405162210008
"3"	"negative"	"ingroup"	"negative"	0.829162326744726
"3"	"positive"	"outgroup"	"negative"	0.888549892212991
"3"	"positive"	"outgroup"	"negative"	0.734921716366482
"3"	"negative"	"outgroup"	"negative"	0.37290429150419
"3"	"positive"	"outgroup"	"negative"	0.710665242115711
"3"	"negative"	"ingroup"	"negative"	0.316905959389681
"3"	"negative"	"ingroup"	"negative"	0.766579021757302
"3"	"positive"	"ingroup"	"positive"	0.463499572927021
"3"	"negative"	"ingroup"	"negative"	0.593417147690793
"3"	"positive"	"ingroup"	"positive"	1.93459746403986
"3"	"positive"	"outgroup"	"positive"	0.560570228726495
"3"	"positive"	"outgroup"	"negative"	0.298883130992698
"3"	"positive"	"outgroup"	"positive"	0.410107624715316
"3"	"positive"	"ingroup"	"negative"	1.1594164627606
"3"	"positive"	"outgroup"	"negative"	1.10133587232991
"3"	"positive"	"ingroup"	"positive"	1.06853182670763
"3"	"positive"	"outgroup"	"positive"	0.408730921016388
"3"	"negative"	"ingroup"	"negative"	0.730570232728085
"3"	"positive"	"outgroup"	"negative"	0.32572849742884
"3"	"positive"	"outgroup"	"positive"	0.794638296766009
"3"	"positive"	"ingroup"	"positive"	0.922910830498002
"3"	"negative"	"ingroup"	"negative"	0.799121974527183
"3"	"positive"	"ingroup"	"positive"	0.309786650736489
"3"	"negative"	"outgroup"	"negative"	0.545850272037153
"3"	"positive"	"ingroup"	"negative"	0.978323732680711
"3"	"negative"	"ingroup"	"positive"	0.485447202038314
"3"	"negative"	"ingroup"	"negative"	0.309974781303099
"3"	"negative"	"outgroup"	"negative"	0.754370175510538
"3"	"positive"	"ingroup"	"negative"	0.841431752673226
"3"	"positive"	"outgroup"	"positive"	0.76690191608893
"3"	"positive"	"ingroup"	"negative"	0.619040898331105
"3"	"positive"	"outgroup"	"positive"	0.555027925217615
"3"	"negative"	"outgroup"	"negative"	1.00411610683686
"3"	"negative"	"outgroup"	"negative"	0.727954788978911
"3"	"negative"	"ingroup"	"positive"	0.313493048027144
"3"	"negative"	"ingroup"	"positive"	0.307212841462995
"3"	"positive"	"outgroup"	"negative"	0.981917281322567
"3"	"positive"	"ingroup"	"positive"	0.481945318438471
"3"	"positive"	"outgroup"	"negative"	0.354485466009014
"3"	"negative"	"outgroup"	"negative"	0.44704575950697
"3"	"positive"	"outgroup"	"positive"	0.774275717637472
"3"	"positive"	"outgroup"	"negative"	0.527191397796609
"3"	"negative"	"ingroup"	"negative"	0.576586677182396
"3"	"negative"	"ingroup"	"negative"	0.712901284123601
"3"	"negative"	"ingroup"	"negative"	0.497850689315225
"3"	"positive"	"outgroup"	"positive"	1.1196044732794
"3"	"positive"	"outgroup"	"positive"	0.370758820290836
"3"	"negative"	"outgroup"	"negative"	0.393049606574318
"3"	"positive"	"ingroup"	"positive"	0.568833194822365
"3"	"positive"	"ingroup"	"positive"	0.486896338263728
"3"	"positive"	"ingroup"	"positive"	0.514027801182147
"3"	"negative"	"ingroup"	"negative"	0.449777997671653
"3"	"negative"	"ingroup"	"negative"	0.929113619057248
"3"	"positive"	"outgroup"	"positive"	0.611840190615304
"3"	"positive"	"ingroup"	"positive"	0.391525851737456
"3"	"negative"	"ingroup"	"positive"	0.318339145809699
"3"	"positive"	"outgroup"	"negative"	0.3332814913984
"3"	"negative"	"ingroup"	"positive"	0.392302274388794
"3"	"negative"	"outgroup"	"negative"	0.427846989386599
"3"	"positive"	"outgroup"	"positive"	0.794591431252579
"3"	"positive"	"outgroup"	"positive"	0.894704091270086
"3"	"negative"	"outgroup"	"negative"	0.336046188571879
"3"	"negative"	"outgroup"	"negative"	0.455297897522896
"4"	"negative"	"ingroup"	"negative"	0.695442141939299
"4"	"negative"	"ingroup"	"negative"	0.518777023527416
"4"	"negative"	"outgroup"	"negative"	0.566693712935202
"4"	"positive"	"ingroup"	"positive"	0.765137650342851
"4"	"negative"	"outgroup"	"negative"	0.748388041360541
"4"	"positive"	"ingroup"	"negative"	0.653173775695964
"4"	"negative"	"outgroup"	"negative"	1.67733348338742
"4"	"negative"	"outgroup"	"negative"	0.399102446214413
"4"	"positive"	"outgroup"	"negative"	0.621418210456295
"4"	"positive"	"outgroup"	"positive"	0.501241354585903
"4"	"positive"	"outgroup"	"positive"	0.632680187063595
"4"	"positive"	"ingroup"	"positive"	0.631563064027579
"4"	"negative"	"ingroup"	"positive"	0.305727021271929
"4"	"negative"	"ingroup"	"negative"	1.28658096433967
"4"	"positive"	"outgroup"	"negative"	0.794388714494049
"4"	"negative"	"ingroup"	"negative"	0.461576301730722
"4"	"positive"	"outgroup"	"positive"	0.578328426466305
"4"	"negative"	"ingroup"	"positive"	0.562390108731233
"4"	"negative"	"ingroup"	"positive"	0.732437446630048
"4"	"negative"	"ingroup"	"negative"	0.335403820222604
"4"	"positive"	"ingroup"	"negative"	1.19579869343713
"4"	"negative"	"outgroup"	"negative"	0.70282887158639
"4"	"positive"	"ingroup"	"negative"	0.40643037708036
"4"	"negative"	"ingroup"	"positive"	0.565829930766425
"4"	"negative"	"outgroup"	"positive"	0.70392383652072
"4"	"positive"	"outgroup"	"positive"	0.863056635864166
"4"	"negative"	"outgroup"	"positive"	0.961525575985744
"4"	"positive"	"outgroup"	"negative"	0.431510185742113
"4"	"positive"	"outgroup"	"negative"	0.999305881742242
"4"	"negative"	"outgroup"	"negative"	0.363289437380577
"4"	"negative"	"outgroup"	"negative"	0.809069191548199
"4"	"negative"	"outgroup"	"negative"	0.42372397339796
"4"	"negative"	"ingroup"	"negative"	0.568868208561196
"4"	"positive"	"outgroup"	"negative"	0.378162565307657
"4"	"negative"	"ingroup"	"positive"	0.374450926936607
"4"	"negative"	"ingroup"	"negative"	0.617078499432357
"4"	"negative"	"outgroup"	"negative"	0.397378743003818
"4"	"negative"	"outgroup"	"negative"	0.458295552135
"4"	"negative"	"outgroup"	"negative"	0.441880060614714
"4"	"positive"	"ingroup"	"negative"	0.706229254795378
"4"	"negative"	"outgroup"	"positive"	0.40615144269165
"4"	"positive"	"ingroup"	"positive"	0.413394566959719
"4"	"negative"	"ingroup"	"negative"	0.467110257916977
"4"	"negative"	"outgroup"	"positive"	0.54265288953657
"4"	"positive"	"outgroup"	"negative"	0.58100600596393
"4"	"negative"	"outgroup"	"negative"	1.00080658423998
"4"	"positive"	"outgroup"	"negative"	0.425546469748924
"4"	"positive"	"ingroup"	"positive"	0.572696615933817
"4"	"negative"	"outgroup"	"negative"	0.344504276142356
"4"	"negative"	"ingroup"	"negative"	0.721953495887638
"4"	"positive"	"ingroup"	"positive"	0.480157989332763
"4"	"negative"	"ingroup"	"negative"	0.486553560732169
"4"	"negative"	"ingroup"	"positive"	0.451874085976849
"4"	"positive"	"ingroup"	"positive"	0.305578091965359
"4"	"positive"	"ingroup"	"negative"	0.710586127380209
"4"	"negative"	"ingroup"	"negative"	0.462579628576197
"4"	"positive"	"ingroup"	"positive"	0.459766595282749
"4"	"positive"	"outgroup"	"positive"	0.500515776468517
"4"	"positive"	"outgroup"	"positive"	0.678589580292016
"4"	"positive"	"outgroup"	"positive"	0.765374770873029
"4"	"positive"	"ingroup"	"positive"	0.385946582505119
"4"	"positive"	"ingroup"	"positive"	0.33049625325918
"4"	"positive"	"outgroup"	"positive"	0.598331088261098
"4"	"positive"	"outgroup"	"positive"	0.385971845978842
"4"	"negative"	"ingroup"	"negative"	0.39716727472904
"4"	"positive"	"outgroup"	"positive"	0.858879707546281
"4"	"negative"	"outgroup"	"negative"	0.763352269301556
"4"	"positive"	"outgroup"	"positive"	0.475109228709638
"4"	"positive"	"outgroup"	"negative"	0.483874992502228
"4"	"negative"	"ingroup"	"negative"	0.414545793419684
"4"	"positive"	"outgroup"	"negative"	0.937509485947235
"4"	"negative"	"ingroup"	"negative"	0.796962214967651
"4"	"negative"	"ingroup"	"negative"	0.461701145861123
"4"	"positive"	"outgroup"	"negative"	0.504993341193422
"4"	"negative"	"ingroup"	"negative"	0.411163458526043
"4"	"positive"	"outgroup"	"negative"	0.775186744816569
"4"	"negative"	"ingroup"	"negative"	0.81629448685893
"4"	"positive"	"ingroup"	"positive"	0.812903163623786
"4"	"negative"	"outgroup"	"negative"	0.615809744516125
"4"	"negative"	"ingroup"	"negative"	0.444001037706372
"4"	"negative"	"outgroup"	"positive"	0.541509707760806
"4"	"negative"	"ingroup"	"positive"	0.386869257385119
"4"	"negative"	"outgroup"	"negative"	0.826867211932907
"4"	"positive"	"ingroup"	"positive"	0.708624432972571
"4"	"negative"	"outgroup"	"negative"	0.532809816804206
"4"	"negative"	"ingroup"	"positive"	0.792369326430024
"4"	"negative"	"outgroup"	"negative"	1.10457795730324
"4"	"positive"	"ingroup"	"positive"	0.413101095232027
"4"	"positive"	"ingroup"	"positive"	0.343153824344067
"4"	"negative"	"outgroup"	"positive"	0.594112369868326
"4"	"positive"	"outgroup"	"positive"	0.429449841185066
"4"	"positive"	"outgroup"	"negative"	0.363704426991074
"4"	"negative"	"outgroup"	"positive"	0.537767830502233
"4"	"negative"	"outgroup"	"negative"	0.520518314222284
"4"	"negative"	"outgroup"	"negative"	0.42655970852784
"4"	"negative"	"outgroup"	"negative"	0.628394397899407
"4"	"negative"	"ingroup"	"negative"	0.796284795262817
"4"	"negative"	"outgroup"	"negative"	0.501538243261183
"4"	"negative"	"outgroup"	"negative"	0.896747050717153
"4"	"negative"	"outgroup"	"positive"	0.396189405562399
"4"	"negative"	"ingroup"	"negative"	0.434034603105052
"4"	"negative"	"ingroup"	"negative"	0.31382267192843
"4"	"negative"	"ingroup"	"negative"	0.322791370728133
"4"	"positive"	"outgroup"	"negative"	0.579309434043678
"4"	"negative"	"outgroup"	"positive"	0.492900655402112
"4"	"negative"	"outgroup"	"negative"	0.954396970189682
"4"	"positive"	"ingroup"	"positive"	0.874949892448488
"4"	"negative"	"outgroup"	"negative"	0.409632712008526
"4"	"negative"	"outgroup"	"negative"	0.552898714588662
"4"	"negative"	"ingroup"	"positive"	0.424543000301798
"4"	"positive"	"outgroup"	"positive"	0.426189977850866
"4"	"positive"	"outgroup"	"positive"	0.397173028562445
"4"	"negative"	"ingroup"	"positive"	0.782798929020296
"4"	"negative"	"ingroup"	"negative"	0.615628978796094
"4"	"negative"	"outgroup"	"positive"	0.338694165321374
"4"	"positive"	"outgroup"	"positive"	1.81821666044141
"4"	"positive"	"outgroup"	"positive"	0.870604520451449
"4"	"negative"	"ingroup"	"negative"	1.10121226192304
"4"	"negative"	"outgroup"	"negative"	0.76414584333847
"4"	"positive"	"ingroup"	"positive"	0.300341479092036
"4"	"negative"	"ingroup"	"negative"	0.426835669036084
"4"	"positive"	"outgroup"	"positive"	0.972535261780374
"4"	"negative"	"outgroup"	"negative"	1.19256261368843
"4"	"positive"	"ingroup"	"positive"	2.20230625861749
"4"	"positive"	"outgroup"	"negative"	0.34381187203563
"4"	"negative"	"ingroup"	"positive"	0.418775365594081
"4"	"positive"	"ingroup"	"positive"	0.422215532393932
"4"	"negative"	"ingroup"	"positive"	0.300942647869139
"4"	"positive"	"ingroup"	"positive"	0.350500074433306
"4"	"negative"	"ingroup"	"negative"	0.550752176566814
"4"	"positive"	"ingroup"	"positive"	0.478701494335643
"4"	"positive"	"ingroup"	"positive"	0.438266064140399
"4"	"positive"	"outgroup"	"positive"	1.59832026636715
"4"	"positive"	"ingroup"	"positive"	0.369334612874837
"4"	"positive"	"outgroup"	"negative"	0.414687229296467
"4"	"positive"	"outgroup"	"negative"	0.613018665146618
"4"	"negative"	"outgroup"	"negative"	0.899188003911609
"4"	"negative"	"ingroup"	"negative"	0.647869752091567
"4"	"positive"	"ingroup"	"negative"	0.614625643136953
"4"	"positive"	"outgroup"	"positive"	0.379777151172505
"4"	"negative"	"ingroup"	"negative"	0.516347001057466
"4"	"negative"	"outgroup"	"negative"	0.422365146705917
"4"	"negative"	"ingroup"	"negative"	0.644521241496184
"4"	"positive"	"ingroup"	"positive"	0.40546321301502
"4"	"negative"	"ingroup"	"positive"	0.541875631215897
"4"	"positive"	"outgroup"	"positive"	1.37423698070002
"4"	"positive"	"ingroup"	"positive"	1.60254384270356
"4"	"positive"	"ingroup"	"positive"	0.384740213161127
"4"	"positive"	"outgroup"	"positive"	1.14063217540378
"4"	"positive"	"ingroup"	"positive"	0.302109826411513
"4"	"negative"	"outgroup"	"negative"	0.543425841798007
"4"	"negative"	"ingroup"	"positive"	0.538353911186955
"4"	"negative"	"outgroup"	"negative"	0.661960326453361
"4"	"positive"	"outgroup"	"negative"	0.367896580363996
"4"	"positive"	"outgroup"	"negative"	1.26167149099913
"4"	"negative"	"outgroup"	"negative"	0.398445091966065
"4"	"positive"	"outgroup"	"negative"	0.473581414249456
"4"	"negative"	"outgroup"	"positive"	0.504831194731404
"4"	"positive"	"outgroup"	"positive"	0.829484664619518
"4"	"positive"	"outgroup"	"positive"	0.458319351165387
"4"	"positive"	"ingroup"	"positive"	0.364173973602501
"4"	"positive"	"ingroup"	"positive"	0.383715585052433
"4"	"negative"	"outgroup"	"negative"	0.586389842346737
"4"	"positive"	"ingroup"	"negative"	0.777177110430993
"4"	"positive"	"outgroup"	"negative"	0.918134891886308
"4"	"positive"	"outgroup"	"positive"	1.04783847013337
"4"	"positive"	"ingroup"	"positive"	1.186687175403
"4"	"positive"	"ingroup"	"negative"	0.382014693975131
"4"	"negative"	"outgroup"	"positive"	0.410399203865033
"4"	"positive"	"ingroup"	"negative"	0.473897327826012
"4"	"positive"	"ingroup"	"positive"	0.626543530012016
"4"	"negative"	"ingroup"	"negative"	0.637318608751131
"4"	"negative"	"outgroup"	"positive"	0.863624231634839
"4"	"positive"	"outgroup"	"positive"	0.934040894820751
"4"	"positive"	"ingroup"	"positive"	0.345700939107079
"4"	"positive"	"outgroup"	"positive"	0.352387672457713
"4"	"positive"	"ingroup"	"positive"	0.673596590635205
"4"	"negative"	"outgroup"	"positive"	0.561184167284018
"4"	"positive"	"outgroup"	"negative"	0.802079975901113
"4"	"positive"	"ingroup"	"positive"	1.74492563457597
"4"	"positive"	"outgroup"	"positive"	0.58350543052447
"4"	"negative"	"ingroup"	"negative"	0.371970158002072
"4"	"negative"	"ingroup"	"negative"	0.548188385867389
"4"	"negative"	"outgroup"	"positive"	0.348241754160872
"4"	"positive"	"outgroup"	"positive"	0.572567456157587
"4"	"negative"	"ingroup"	"negative"	0.76417411528428
"4"	"negative"	"ingroup"	"positive"	0.83276902397031
"4"	"positive"	"ingroup"	"negative"	0.359230895754693
"4"	"positive"	"outgroup"	"negative"	0.626822805284195
"4"	"negative"	"ingroup"	"negative"	0.541302797911671
"4"	"positive"	"ingroup"	"positive"	0.81012721097011
"4"	"negative"	"outgroup"	"negative"	0.470239458037217
"4"	"negative"	"ingroup"	"positive"	0.425146379750453
"4"	"positive"	"ingroup"	"positive"	0.682308837338262
"4"	"positive"	"ingroup"	"positive"	0.84397443419957
"4"	"negative"	"outgroup"	"negative"	0.374210381970961
"4"	"negative"	"ingroup"	"negative"	0.346705923369499
"4"	"negative"	"ingroup"	"negative"	0.327495416608937
"4"	"negative"	"outgroup"	"negative"	1.11013702190268
"4"	"negative"	"outgroup"	"positive"	0.479690797588895
"4"	"negative"	"ingroup"	"positive"	0.993903431784816
"4"	"positive"	"outgroup"	"positive"	1.03645747950954
"4"	"negative"	"ingroup"	"negative"	0.385364591275354
"4"	"positive"	"outgroup"	"positive"	0.628302391559128
"4"	"positive"	"outgroup"	"negative"	0.873934892747468
"4"	"positive"	"outgroup"	"positive"	0.832074571322363
"4"	"negative"	"outgroup"	"negative"	0.489740692741872
"4"	"negative"	"outgroup"	"negative"	0.558423279582061
"4"	"negative"	"outgroup"	"negative"	0.602125174223782
"4"	"positive"	"outgroup"	"negative"	0.383611060129241
"4"	"negative"	"ingroup"	"positive"	0.737498038096845
"4"	"negative"	"ingroup"	"negative"	0.614918156736196
"4"	"positive"	"outgroup"	"negative"	0.636487360582005
"4"	"negative"	"outgroup"	"positive"	0.648455719505362
"4"	"positive"	"ingroup"	"positive"	1.96041208943498
"4"	"positive"	"ingroup"	"positive"	1.50825628433287
"4"	"negative"	"ingroup"	"positive"	0.72091570537962
"4"	"positive"	"ingroup"	"positive"	1.71689682862464
"4"	"negative"	"ingroup"	"positive"	0.440721284004546
"4"	"negative"	"ingroup"	"negative"	0.383020762021492
"4"	"positive"	"ingroup"	"positive"	0.871134701870678
"4"	"positive"	"outgroup"	"negative"	0.45474829424339
"4"	"positive"	"outgroup"	"positive"	0.361496038250809
"4"	"positive"	"ingroup"	"positive"	0.443387514538136
"4"	"positive"	"ingroup"	"negative"	0.679511222567565
"4"	"negative"	"outgroup"	"positive"	1.97168144588704
"4"	"positive"	"ingroup"	"negative"	1.1392625553398
"4"	"negative"	"outgroup"	"negative"	0.996754166568937
"4"	"negative"	"ingroup"	"negative"	0.611815005501115
"4"	"positive"	"ingroup"	"negative"	0.62425154065187
"4"	"negative"	"ingroup"	"negative"	0.952186645088402
"4"	"positive"	"outgroup"	"positive"	0.694956705474273
"4"	"positive"	"outgroup"	"positive"	0.477004369332175
"4"	"positive"	"ingroup"	"negative"	0.427995049383617
"4"	"negative"	"ingroup"	"negative"	0.327629541774392
"4"	"negative"	"outgroup"	"positive"	1.25538784304111
"4"	"negative"	"outgroup"	"positive"	1.22652128338475
"4"	"positive"	"ingroup"	"negative"	0.422491072593132
"4"	"negative"	"ingroup"	"positive"	1.23768870999908
"4"	"negative"	"outgroup"	"negative"	0.340395372959397
"4"	"negative"	"ingroup"	"negative"	0.424680139549718
"4"	"positive"	"outgroup"	"negative"	0.859750763440743
"4"	"negative"	"outgroup"	"negative"	0.538596676388935
"4"	"positive"	"outgroup"	"positive"	0.806932722855255
"4"	"positive"	"ingroup"	"positive"	0.860686140300263
"4"	"negative"	"ingroup"	"negative"	0.851029375808891
"4"	"negative"	"ingroup"	"negative"	0.937591277850962
"4"	"positive"	"outgroup"	"negative"	0.460794639936989
"4"	"negative"	"ingroup"	"positive"	0.548273565447908
"4"	"positive"	"ingroup"	"positive"	1.09043819291034
"4"	"negative"	"ingroup"	"positive"	0.475728824841809
"4"	"positive"	"ingroup"	"positive"	0.578891460244793
"4"	"positive"	"ingroup"	"negative"	0.584202384767746
"4"	"negative"	"outgroup"	"negative"	0.428892522039578
"4"	"negative"	"ingroup"	"positive"	0.780553912317585
"4"	"negative"	"ingroup"	"negative"	0.478630507977657
"4"	"positive"	"outgroup"	"negative"	0.856381436804001
"4"	"positive"	"outgroup"	"negative"	0.30926215736115
"4"	"negative"	"outgroup"	"positive"	0.544979907520342
"4"	"positive"	"ingroup"	"positive"	0.733467250674237
"4"	"positive"	"ingroup"	"positive"	0.987298105561666
"4"	"negative"	"outgroup"	"positive"	0.442837499178002
"4"	"positive"	"ingroup"	"positive"	1.42072269285021
"4"	"positive"	"outgroup"	"positive"	0.337876126077708
"4"	"negative"	"ingroup"	"positive"	0.889833763126812
"4"	"negative"	"ingroup"	"positive"	0.558484289753961
"4"	"negative"	"ingroup"	"negative"	0.686209334842849
"4"	"positive"	"outgroup"	"positive"	0.808928897099996
"4"	"negative"	"ingroup"	"negative"	0.411853375559331
"4"	"positive"	"ingroup"	"positive"	0.789916291575519
"4"	"positive"	"outgroup"	"positive"	0.598370873024942
"4"	"negative"	"outgroup"	"negative"	0.295231222853448
"4"	"negative"	"outgroup"	"negative"	1.23289671895496
"4"	"positive"	"ingroup"	"positive"	0.730281498518525
"4"	"negative"	"outgroup"	"negative"	0.319250253009123
"4"	"positive"	"outgroup"	"negative"	0.420311999658487
"4"	"positive"	"outgroup"	"positive"	0.851410647176114
"4"	"negative"	"ingroup"	"positive"	0.448923892071485
"4"	"negative"	"ingroup"	"negative"	0.826826284183237
"4"	"negative"	"outgroup"	"negative"	0.644844250445759
"4"	"negative"	"outgroup"	"positive"	0.372049377315155
"4"	"negative"	"ingroup"	"positive"	0.887519274112009
"4"	"positive"	"ingroup"	"negative"	1.03011935673144
"4"	"positive"	"ingroup"	"positive"	0.723855209030437
"4"	"negative"	"ingroup"	"negative"	0.821558950251163
"4"	"negative"	"ingroup"	"positive"	0.353704933651568
"4"	"positive"	"ingroup"	"negative"	0.987170896417319
"4"	"positive"	"ingroup"	"negative"	1.14795760428299
"4"	"positive"	"ingroup"	"positive"	0.663239281361048
"4"	"positive"	"ingroup"	"positive"	0.477375711877464
"4"	"negative"	"outgroup"	"negative"	1.93965192760738
"4"	"positive"	"ingroup"	"negative"	0.571273262239091
"4"	"positive"	"outgroup"	"positive"	0.711828907590186
"4"	"positive"	"ingroup"	"negative"	1.8459978598142
"4"	"positive"	"ingroup"	"negative"	0.604421901761317
"4"	"positive"	"outgroup"	"positive"	0.434497621926649
"4"	"negative"	"outgroup"	"negative"	0.878400930082245
"4"	"negative"	"ingroup"	"negative"	0.573896362381341
"4"	"positive"	"ingroup"	"positive"	0.975968358480242
"4"	"positive"	"outgroup"	"positive"	0.489953608877209
"4"	"negative"	"outgroup"	"negative"	0.400148734943081
"4"	"negative"	"ingroup"	"negative"	0.351811279250454
"4"	"negative"	"outgroup"	"positive"	0.564431822251525
"4"	"negative"	"ingroup"	"negative"	1.56191575800729
"4"	"negative"	"ingroup"	"negative"	0.541839551115195
"4"	"negative"	"outgroup"	"negative"	1.04183624242522
"4"	"negative"	"ingroup"	"positive"	0.41625828610103
"4"	"positive"	"outgroup"	"positive"	1.03543462236558
"4"	"positive"	"outgroup"	"negative"	0.433232678238592
"4"	"positive"	"outgroup"	"positive"	0.63609057788075
"4"	"positive"	"outgroup"	"negative"	0.491794518654195
"4"	"positive"	"ingroup"	"negative"	0.524449928737726
"4"	"negative"	"outgroup"	"negative"	0.921193097517734
"4"	"negative"	"outgroup"	"negative"	0.684461603853071
"4"	"negative"	"ingroup"	"positive"	0.53680007229266
"4"	"negative"	"outgroup"	"positive"	0.515594579985985
"4"	"positive"	"ingroup"	"positive"	0.330000331068255
"4"	"negative"	"ingroup"	"negative"	0.509860614805608
"4"	"negative"	"outgroup"	"positive"	0.67999852342536
"4"	"positive"	"outgroup"	"positive"	1.03539168189137
"4"	"negative"	"ingroup"	"positive"	0.582120144566745
"4"	"negative"	"ingroup"	"negative"	0.361702369228648
"4"	"positive"	"ingroup"	"negative"	0.566686712959041
"4"	"negative"	"ingroup"	"positive"	0.795085213130351
"4"	"positive"	"ingroup"	"positive"	0.3722288650789
"4"	"negative"	"outgroup"	"positive"	0.472080115545733
"4"	"negative"	"ingroup"	"positive"	0.334067606504584
"4"	"positive"	"outgroup"	"positive"	0.367845878561187
"4"	"positive"	"outgroup"	"positive"	0.496995641356126
"4"	"positive"	"ingroup"	"positive"	0.430721603649866
"4"	"positive"	"outgroup"	"negative"	1.1551560283005
"4"	"positive"	"outgroup"	"positive"	0.498354761654304
"4"	"negative"	"outgroup"	"negative"	1.02515945172365
"4"	"negative"	"ingroup"	"positive"	0.356985298373323
"4"	"negative"	"ingroup"	"negative"	0.356874161945712
"4"	"positive"	"ingroup"	"negative"	0.543866888116975
"4"	"negative"	"ingroup"	"positive"	0.552313240217842
"4"	"positive"	"ingroup"	"positive"	0.49000803046214
"4"	"positive"	"outgroup"	"positive"	0.368333485084011
"4"	"positive"	"ingroup"	"positive"	1.6545577163978
"4"	"negative"	"outgroup"	"negative"	0.812939593222249
"4"	"positive"	"outgroup"	"positive"	0.740909504496629
"4"	"negative"	"outgroup"	"positive"	0.421549918251914
"4"	"positive"	"ingroup"	"negative"	0.500512701471856
"4"	"negative"	"outgroup"	"negative"	0.464023993392399
"4"	"negative"	"ingroup"	"positive"	0.531851087195032
"4"	"positive"	"ingroup"	"positive"	0.512859496720483
"4"	"negative"	"ingroup"	"negative"	0.624394884896635
"4"	"positive"	"ingroup"	"negative"	0.866672637340263
"4"	"positive"	"outgroup"	"negative"	0.832656730419532
"4"	"positive"	"ingroup"	"positive"	0.622268933947031
"4"	"negative"	"outgroup"	"negative"	0.322202314686692
"4"	"positive"	"ingroup"	"negative"	1.1944694497763
"4"	"negative"	"outgroup"	"positive"	1.01721673059976
"4"	"positive"	"outgroup"	"negative"	0.552998240490765
"4"	"positive"	"outgroup"	"positive"	0.449729690696357
"4"	"negative"	"outgroup"	"negative"	1.60155656100162
"4"	"positive"	"ingroup"	"positive"	0.361980093726108
"4"	"negative"	"outgroup"	"negative"	0.418052032852913
"4"	"positive"	"ingroup"	"positive"	0.626590942667735
"4"	"positive"	"ingroup"	"positive"	0.423781256077241
"4"	"negative"	"ingroup"	"negative"	0.442974894915046
"4"	"negative"	"ingroup"	"positive"	0.334470184391179
"4"	"positive"	"ingroup"	"negative"	0.842506657661944
"4"	"negative"	"outgroup"	"negative"	0.456660978727977
"4"	"negative"	"outgroup"	"negative"	0.87094790642164
"4"	"positive"	"outgroup"	"negative"	0.465780472603353
"4"	"negative"	"ingroup"	"negative"	0.479721559349704
"4"	"positive"	"outgroup"	"positive"	0.551376120933886
"4"	"negative"	"outgroup"	"negative"	0.525053652774457
"4"	"negative"	"ingroup"	"negative"	0.707755203020634
"4"	"negative"	"outgroup"	"negative"	0.363190744027273
"4"	"negative"	"outgroup"	"positive"	0.666616530747743
"4"	"positive"	"outgroup"	"positive"	0.436091629373627
"4"	"negative"	"ingroup"	"negative"	0.546588376697381
"4"	"positive"	"ingroup"	"positive"	1.76476805013058
"4"	"positive"	"ingroup"	"positive"	0.407469823752499
"4"	"negative"	"outgroup"	"negative"	0.373700985469008
"4"	"negative"	"outgroup"	"negative"	0.393191128521199
"4"	"positive"	"ingroup"	"negative"	0.536588023644365
"4"	"negative"	"outgroup"	"negative"	0.484602962573599
"4"	"positive"	"outgroup"	"negative"	0.289796920973709
"4"	"negative"	"outgroup"	"negative"	1.3437468839996
"4"	"positive"	"outgroup"	"positive"	0.662855457215344
"4"	"positive"	"ingroup"	"negative"	0.444521413267631
"4"	"negative"	"outgroup"	"positive"	0.453738186601204
"4"	"positive"	"outgroup"	"positive"	0.485665275808816
"4"	"negative"	"ingroup"	"positive"	0.810648491053558
"4"	"positive"	"ingroup"	"negative"	0.855641980352529
"4"	"negative"	"ingroup"	"positive"	0.640083515535115
"4"	"positive"	"ingroup"	"negative"	0.702025357614217
"4"	"negative"	"outgroup"	"negative"	0.58671621976482
"4"	"negative"	"ingroup"	"negative"	0.319928365527848
"4"	"positive"	"outgroup"	"positive"	0.603943925134893
"4"	"positive"	"outgroup"	"negative"	0.649867947792261
"4"	"negative"	"ingroup"	"negative"	0.453123198507061
"4"	"positive"	"outgroup"	"positive"	1.03034994328268
"4"	"negative"	"ingroup"	"negative"	0.498004770049013
"4"	"positive"	"outgroup"	"positive"	0.361767162981347
"4"	"positive"	"ingroup"	"positive"	0.429310541214575
"4"	"negative"	"outgroup"	"negative"	0.613862055202244
"4"	"positive"	"outgroup"	"negative"	0.524968484403841
"4"	"positive"	"ingroup"	"positive"	0.930433025326228
"4"	"positive"	"outgroup"	"negative"	1.03832720181025
"4"	"negative"	"ingroup"	"negative"	0.5683600462017
"4"	"negative"	"outgroup"	"negative"	0.384409257683752
"4"	"positive"	"outgroup"	"positive"	0.543588418693212
"4"	"positive"	"ingroup"	"negative"	0.641994735236478
"4"	"positive"	"outgroup"	"positive"	0.722196916979588
"4"	"negative"	"outgroup"	"negative"	0.331112387895787
"4"	"positive"	"ingroup"	"positive"	0.62208477995985
"4"	"positive"	"ingroup"	"positive"	0.407914900691697
"4"	"negative"	"ingroup"	"positive"	0.488914011738361
"4"	"positive"	"outgroup"	"positive"	0.66870538142335
"4"	"negative"	"ingroup"	"negative"	0.925146214244201
"4"	"positive"	"ingroup"	"negative"	0.934252929715524
"4"	"negative"	"outgroup"	"negative"	0.457474274492763
"4"	"positive"	"outgroup"	"positive"	0.335009405509246
"4"	"positive"	"ingroup"	"positive"	0.424881246920843
"4"	"positive"	"outgroup"	"negative"	1.07903340610419
"4"	"negative"	"outgroup"	"negative"	0.717639599204152
"4"	"negative"	"ingroup"	"positive"	0.884292469808824
"4"	"negative"	"outgroup"	"negative"	0.494709358565071
"4"	"negative"	"outgroup"	"negative"	1.25825318820455
"4"	"negative"	"outgroup"	"negative"	0.905107613611959
"4"	"positive"	"outgroup"	"positive"	0.882227496924498
"4"	"negative"	"ingroup"	"negative"	0.470900198494097
"4"	"negative"	"ingroup"	"negative"	0.41927684097585
"4"	"positive"	"ingroup"	"positive"	0.407832149387435
"4"	"positive"	"outgroup"	"negative"	0.321974140498032
"4"	"negative"	"outgroup"	"negative"	0.343831667545722
"4"	"positive"	"ingroup"	"positive"	0.430967091209698
"4"	"positive"	"outgroup"	"positive"	0.446097447064569
"4"	"negative"	"outgroup"	"negative"	0.737551864541908
"4"	"negative"	"ingroup"	"negative"	0.654546684846701
"4"	"positive"	"ingroup"	"positive"	0.398064628523686
"4"	"positive"	"ingroup"	"positive"	0.449806690234837
"4"	"negative"	"ingroup"	"positive"	0.593627616104792
"4"	"positive"	"outgroup"	"positive"	0.366839156104341
"4"	"negative"	"outgroup"	"negative"	0.564818748917549
"4"	"positive"	"outgroup"	"positive"	0.56977016841326
"4"	"positive"	"ingroup"	"negative"	0.800759847610567
"4"	"positive"	"outgroup"	"positive"	0.688244853560767
"4"	"negative"	"ingroup"	"negative"	0.379852377365173
"4"	"negative"	"outgroup"	"positive"	0.834178769784772
"4"	"positive"	"ingroup"	"positive"	0.750757961945246
"4"	"positive"	"ingroup"	"negative"	0.830754043861261
"4"	"negative"	"ingroup"	"negative"	1.81232619616637
"4"	"negative"	"outgroup"	"negative"	0.364040136343526
"4"	"positive"	"ingroup"	"positive"	0.508455961586103
"4"	"positive"	"ingroup"	"positive"	0.811749522449369
"4"	"negative"	"outgroup"	"negative"	0.613637404740556
"4"	"positive"	"ingroup"	"negative"	0.787796726860422
"4"	"positive"	"outgroup"	"positive"	0.385018327686641
"4"	"positive"	"outgroup"	"positive"	0.371490237090194
"4"	"positive"	"outgroup"	"positive"	0.484746691320243
"4"	"positive"	"outgroup"	"positive"	0.821164267514744
"4"	"positive"	"ingroup"	"positive"	0.572280809272744
"4"	"negative"	"outgroup"	"negative"	0.586503954003729
"4"	"positive"	"outgroup"	"positive"	0.306352009261828
"5"	"positive"	"outgroup"	"positive"	0.396531605434606
"5"	"negative"	"ingroup"	"negative"	0.275189482826021
"5"	"positive"	"ingroup"	"negative"	1.34293381354599
"5"	"negative"	"ingroup"	"positive"	0.28045047730365
"5"	"negative"	"outgroup"	"negative"	0.376816996251067
"5"	"negative"	"ingroup"	"negative"	0.250502899196907
"5"	"negative"	"ingroup"	"positive"	0.252364514861485
"5"	"positive"	"outgroup"	"negative"	0.181452326168169
"5"	"negative"	"ingroup"	"negative"	0.180208045494527
"5"	"positive"	"ingroup"	"positive"	0.378775183388715
"5"	"positive"	"ingroup"	"positive"	0.211307221432554
"5"	"negative"	"ingroup"	"negative"	0.139743940381751
"5"	"positive"	"outgroup"	"positive"	0.346474633075605
"5"	"positive"	"outgroup"	"positive"	0.347958017753848
"5"	"positive"	"ingroup"	"positive"	0.217760741855561
"5"	"positive"	"outgroup"	"positive"	0.318292088843708
"5"	"positive"	"ingroup"	"negative"	0.725063641922286
"5"	"negative"	"ingroup"	"negative"	0.234709796912476
"5"	"negative"	"ingroup"	"negative"	0.224722851205008
"5"	"positive"	"outgroup"	"positive"	0.244954013448476
"5"	"positive"	"outgroup"	"negative"	0.191392954533997
"5"	"positive"	"outgroup"	"positive"	0.265254122336045
"5"	"negative"	"outgroup"	"negative"	0.229331502163782
"5"	"positive"	"outgroup"	"negative"	0.279881228459966
"5"	"negative"	"outgroup"	"negative"	0.535293968382325
"5"	"negative"	"ingroup"	"negative"	0.283532045502699
"5"	"negative"	"outgroup"	"positive"	0.448485160594689
"5"	"positive"	"outgroup"	"positive"	0.348482389027032
"5"	"negative"	"ingroup"	"negative"	0.197470752921637
"5"	"negative"	"outgroup"	"negative"	0.167181524158341
"5"	"negative"	"ingroup"	"negative"	0.335361050630878
"5"	"positive"	"outgroup"	"positive"	0.872332719227881
"5"	"positive"	"ingroup"	"positive"	0.17655102302038
"5"	"positive"	"ingroup"	"positive"	0.147130822470618
"5"	"positive"	"ingroup"	"positive"	0.2246594981313
"5"	"positive"	"outgroup"	"positive"	0.219771962061848
"5"	"positive"	"ingroup"	"positive"	0.194936085649975
"5"	"negative"	"outgroup"	"positive"	0.712713443734821
"5"	"negative"	"outgroup"	"negative"	0.271977159205669
"5"	"negative"	"outgroup"	"negative"	0.274231826905912
"5"	"positive"	"outgroup"	"positive"	0.359710604366979
"5"	"positive"	"outgroup"	"negative"	0.306204993612715
"5"	"positive"	"ingroup"	"positive"	0.191906820817464
"5"	"negative"	"outgroup"	"negative"	0.141643991732211
"5"	"positive"	"outgroup"	"positive"	0.221723659086641
"5"	"negative"	"outgroup"	"negative"	0.168581024270938
"5"	"positive"	"ingroup"	"negative"	0.279657926725766
"5"	"positive"	"ingroup"	"positive"	0.162311012421165
"5"	"negative"	"ingroup"	"negative"	0.207421895995575
"5"	"negative"	"outgroup"	"negative"	0.145790998923449
"5"	"positive"	"outgroup"	"positive"	0.504000975420763
"5"	"positive"	"outgroup"	"positive"	0.547961462798641
"5"	"positive"	"outgroup"	"negative"	0.189463321667759
"5"	"positive"	"ingroup"	"negative"	0.170386490275986
"5"	"positive"	"ingroup"	"positive"	0.13466108605827
"5"	"negative"	"ingroup"	"positive"	0.285704473334478
"5"	"negative"	"ingroup"	"negative"	0.678088794236206
"5"	"negative"	"ingroup"	"positive"	0.542931033172828
"5"	"negative"	"outgroup"	"negative"	0.207936765313172
"5"	"negative"	"ingroup"	"positive"	0.56016858156239
"5"	"negative"	"outgroup"	"negative"	0.213773280202263
"5"	"negative"	"outgroup"	"positive"	0.237341005277174
"5"	"negative"	"outgroup"	"negative"	0.230578187288601
"5"	"negative"	"outgroup"	"negative"	0.459226889551771
"5"	"positive"	"ingroup"	"negative"	0.209392615579664
"5"	"positive"	"outgroup"	"positive"	0.367440658540501
"5"	"positive"	"outgroup"	"negative"	0.343077143708345
"5"	"positive"	"outgroup"	"positive"	0.190645122870381
"5"	"positive"	"outgroup"	"positive"	0.316473081027116
"5"	"negative"	"outgroup"	"negative"	0.173619489213039
"5"	"negative"	"outgroup"	"negative"	0.196478545674305
"5"	"positive"	"outgroup"	"positive"	0.718753626082659
"5"	"positive"	"outgroup"	"positive"	0.243489835164927
"5"	"negative"	"outgroup"	"negative"	0.723515535365236
"5"	"negative"	"outgroup"	"negative"	0.188111378931093
"5"	"negative"	"outgroup"	"positive"	0.387421642520649
"5"	"negative"	"ingroup"	"positive"	0.348015278700008
"5"	"negative"	"ingroup"	"negative"	0.316870829263558
"5"	"negative"	"outgroup"	"negative"	0.243422027884217
"5"	"negative"	"ingroup"	"positive"	0.322500058593616
"5"	"negative"	"ingroup"	"negative"	0.537534391539034
"5"	"negative"	"ingroup"	"negative"	0.169044216598697
"5"	"negative"	"outgroup"	"negative"	0.149041819003081
"5"	"negative"	"outgroup"	"negative"	0.61018158703146
"5"	"positive"	"outgroup"	"positive"	0.662322149289211
"5"	"positive"	"outgroup"	"positive"	0.5742356419619
"5"	"negative"	"ingroup"	"negative"	0.329764156943481
"5"	"negative"	"outgroup"	"positive"	0.165353898444814
"5"	"negative"	"outgroup"	"negative"	0.155807274119006
"5"	"positive"	"ingroup"	"positive"	0.23989654381868
"5"	"positive"	"ingroup"	"negative"	0.192523299664384
"5"	"negative"	"ingroup"	"positive"	0.268615766196482
"5"	"positive"	"ingroup"	"positive"	0.218635060628462
"5"	"positive"	"ingroup"	"positive"	0.138320489965578
"5"	"positive"	"outgroup"	"positive"	0.38102616335798
"5"	"positive"	"ingroup"	"positive"	0.175182655593348
"5"	"positive"	"outgroup"	"negative"	0.545124453188986
"5"	"negative"	"outgroup"	"positive"	0.306496771432119
"5"	"positive"	"outgroup"	"negative"	0.382194743065134
"5"	"positive"	"ingroup"	"positive"	0.44775371425331
"5"	"negative"	"outgroup"	"positive"	0.236765988969179
"5"	"negative"	"outgroup"	"negative"	0.178222062769831
"5"	"negative"	"ingroup"	"negative"	0.166934249250684
"5"	"positive"	"outgroup"	"positive"	0.483222501641516
"5"	"negative"	"ingroup"	"negative"	0.223067701606518
"5"	"negative"	"outgroup"	"positive"	0.209646570336254
"5"	"negative"	"outgroup"	"positive"	0.428035449161048
"5"	"positive"	"outgroup"	"positive"	0.134924827343853
"5"	"negative"	"outgroup"	"positive"	0.233634235444386
"5"	"negative"	"ingroup"	"negative"	0.297649626869638
"5"	"positive"	"ingroup"	"negative"	0.220964141367052
"5"	"negative"	"outgroup"	"negative"	0.300248023654617
"5"	"positive"	"outgroup"	"positive"	0.207305465761574
"5"	"positive"	"outgroup"	"negative"	0.155156218177111
"5"	"positive"	"ingroup"	"negative"	0.292079255319595
"5"	"negative"	"ingroup"	"positive"	0.138407013187578
"5"	"positive"	"outgroup"	"positive"	0.287913071444211
"5"	"positive"	"ingroup"	"positive"	0.391500820236392
"5"	"negative"	"ingroup"	"negative"	0.41228366126457
"5"	"negative"	"outgroup"	"positive"	0.459484640386432
"5"	"negative"	"ingroup"	"negative"	0.35639203476276
"5"	"positive"	"outgroup"	"negative"	0.224483945428065
"5"	"positive"	"ingroup"	"positive"	0.222051846416686
"5"	"negative"	"ingroup"	"positive"	0.545190675156918
"5"	"negative"	"ingroup"	"negative"	0.172066144666475
"5"	"positive"	"ingroup"	"negative"	0.192308617565856
"5"	"positive"	"ingroup"	"negative"	0.695186296551404
"5"	"negative"	"ingroup"	"positive"	0.166618802793543
"5"	"positive"	"outgroup"	"positive"	0.335472304041691
"5"	"negative"	"ingroup"	"positive"	0.159074520569421
"5"	"positive"	"ingroup"	"positive"	0.141926580298738
"5"	"positive"	"outgroup"	"negative"	0.353421315036855
"5"	"positive"	"ingroup"	"negative"	0.300371374070542
"5"	"positive"	"outgroup"	"positive"	1.05030942894204
"5"	"negative"	"outgroup"	"negative"	0.167436574566208
"5"	"positive"	"ingroup"	"negative"	0.399131693384236
"5"	"negative"	"outgroup"	"negative"	0.206315285616995
"5"	"negative"	"outgroup"	"positive"	0.201843712104384
"5"	"positive"	"ingroup"	"positive"	0.38173518493699
"5"	"positive"	"outgroup"	"positive"	0.185089997118467
"5"	"positive"	"ingroup"	"positive"	0.187634380107719
"5"	"negative"	"outgroup"	"negative"	0.214924119998039
"5"	"positive"	"outgroup"	"negative"	0.206208678614512
"5"	"negative"	"outgroup"	"negative"	0.428818496421009
"5"	"positive"	"outgroup"	"positive"	0.28965977611847
"5"	"negative"	"ingroup"	"negative"	0.443386191427931
"5"	"positive"	"outgroup"	"negative"	0.417831467155452
"5"	"negative"	"ingroup"	"negative"	0.412193463311307
"5"	"positive"	"ingroup"	"positive"	1.10412285774182
"5"	"positive"	"outgroup"	"negative"	0.20669311809178
"5"	"negative"	"ingroup"	"negative"	0.383358401559064
"5"	"negative"	"outgroup"	"negative"	0.354982302424311
"5"	"negative"	"outgroup"	"negative"	0.506838984933406
"5"	"negative"	"outgroup"	"negative"	0.150893975072531
"5"	"negative"	"ingroup"	"positive"	0.138359042066179
"5"	"positive"	"ingroup"	"positive"	0.269531697969241
"5"	"positive"	"outgroup"	"positive"	0.160464831238235
"5"	"negative"	"outgroup"	"positive"	0.375934957337212
"5"	"positive"	"outgroup"	"positive"	0.511867764782043
"5"	"positive"	"ingroup"	"positive"	0.361053088319609
"5"	"positive"	"outgroup"	"positive"	0.152256138955501
"5"	"positive"	"outgroup"	"positive"	0.429882213701711
"5"	"positive"	"ingroup"	"positive"	0.161411543983903
"5"	"negative"	"ingroup"	"positive"	0.224372664577235
"5"	"negative"	"outgroup"	"negative"	0.303621365464448
"5"	"positive"	"ingroup"	"positive"	0.1488157943353
"5"	"negative"	"ingroup"	"positive"	0.204379929988128
"5"	"positive"	"ingroup"	"positive"	0.212702337409537
"5"	"negative"	"ingroup"	"negative"	0.211017607429889
"5"	"positive"	"ingroup"	"positive"	0.281763708040106
"5"	"negative"	"outgroup"	"negative"	0.2115131847631
"5"	"negative"	"ingroup"	"negative"	0.478816431048728
"5"	"positive"	"outgroup"	"negative"	0.25248159360087
"5"	"positive"	"outgroup"	"negative"	0.327373632570752
"5"	"positive"	"outgroup"	"positive"	0.278791603344807
"5"	"negative"	"ingroup"	"positive"	0.142621619433582
"5"	"negative"	"outgroup"	"negative"	0.160640847806845
"5"	"negative"	"outgroup"	"negative"	0.14636006953611
"5"	"negative"	"ingroup"	"negative"	0.269487174998579
"5"	"positive"	"ingroup"	"negative"	0.267293734036385
"5"	"positive"	"ingroup"	"negative"	0.332340561924104
"5"	"negative"	"ingroup"	"positive"	0.41528182533651
"5"	"negative"	"ingroup"	"positive"	0.250866029109448
"5"	"negative"	"outgroup"	"negative"	0.608227243670811
"5"	"positive"	"outgroup"	"positive"	0.150595006439399
"5"	"negative"	"ingroup"	"negative"	0.368727727648506
"5"	"negative"	"outgroup"	"positive"	0.371839839979633
"5"	"positive"	"ingroup"	"positive"	0.178195125207273
"5"	"negative"	"ingroup"	"negative"	0.295920914020939
"5"	"negative"	"outgroup"	"positive"	0.150579924113933
"5"	"positive"	"ingroup"	"positive"	0.151763051081935
"5"	"negative"	"ingroup"	"negative"	0.499874246811858
"5"	"positive"	"outgroup"	"positive"	0.433841764118244
"5"	"negative"	"ingroup"	"positive"	0.194474650828635
"5"	"negative"	"ingroup"	"positive"	0.209725289421759
"5"	"positive"	"ingroup"	"positive"	0.149682064528349
"5"	"positive"	"outgroup"	"negative"	0.180422324500465
"5"	"negative"	"outgroup"	"negative"	0.394451716249842
"5"	"positive"	"ingroup"	"positive"	0.216131565520182
"5"	"negative"	"outgroup"	"positive"	0.332853192151799
"5"	"negative"	"ingroup"	"negative"	0.198564697445857
"5"	"positive"	"outgroup"	"positive"	0.282607534232657
"5"	"negative"	"outgroup"	"negative"	0.129812713669869
"5"	"negative"	"outgroup"	"positive"	0.503761551030436
"5"	"negative"	"ingroup"	"positive"	0.183356101533167
"5"	"positive"	"outgroup"	"positive"	0.171650664762938
"5"	"negative"	"outgroup"	"negative"	0.203580610928555
"5"	"positive"	"ingroup"	"positive"	0.419674971243425
"5"	"positive"	"ingroup"	"positive"	0.279003426551357
"5"	"negative"	"outgroup"	"positive"	0.144714161710414
"5"	"positive"	"outgroup"	"positive"	0.420391504792929
"5"	"negative"	"outgroup"	"negative"	0.141455643696241
"5"	"positive"	"ingroup"	"negative"	0.329453229562503
"5"	"positive"	"outgroup"	"negative"	0.22214022486836
"5"	"positive"	"outgroup"	"negative"	0.342335754990534
"5"	"positive"	"ingroup"	"negative"	0.291848956573599
"5"	"negative"	"ingroup"	"negative"	0.20444942053081
"5"	"positive"	"outgroup"	"negative"	0.202869900561916
"5"	"positive"	"outgroup"	"negative"	0.449642604872193
"5"	"negative"	"ingroup"	"negative"	0.378884413262495
"5"	"positive"	"ingroup"	"positive"	0.305508417586158
"5"	"negative"	"outgroup"	"negative"	0.199555373884516
"5"	"negative"	"outgroup"	"positive"	0.55766529013268
"5"	"positive"	"ingroup"	"negative"	0.190148090393083
"5"	"positive"	"outgroup"	"negative"	0.195332597314251
"5"	"positive"	"outgroup"	"negative"	0.213926876308276
"5"	"positive"	"outgroup"	"positive"	0.205625298957784
"5"	"negative"	"ingroup"	"negative"	0.209007373299722
"5"	"positive"	"outgroup"	"negative"	0.327341356283566
"5"	"positive"	"ingroup"	"positive"	0.151177845864336
"5"	"positive"	"ingroup"	"positive"	0.274501695179564
"5"	"positive"	"outgroup"	"negative"	0.136152153482035
"5"	"positive"	"outgroup"	"positive"	0.569903009875282
"5"	"positive"	"ingroup"	"positive"	0.36364765902343
"5"	"negative"	"outgroup"	"negative"	0.745091567089678
"5"	"negative"	"outgroup"	"negative"	0.285418704759407
"5"	"negative"	"outgroup"	"negative"	0.148209604974939
"5"	"positive"	"outgroup"	"positive"	0.189248381510831
"5"	"positive"	"outgroup"	"positive"	0.664056236281156
"5"	"negative"	"outgroup"	"positive"	0.346022832930815
"5"	"positive"	"outgroup"	"positive"	0.326613196062908
"5"	"positive"	"ingroup"	"positive"	0.124830210320374
"5"	"positive"	"outgroup"	"positive"	0.131936433226815
"5"	"positive"	"outgroup"	"positive"	0.382240497283514
"5"	"negative"	"outgroup"	"positive"	0.314352278526916
"5"	"negative"	"ingroup"	"positive"	0.313733089866484
"5"	"positive"	"ingroup"	"positive"	0.223115388063588
"5"	"positive"	"ingroup"	"positive"	0.173507391390256
"5"	"negative"	"outgroup"	"negative"	0.341804006084404
"5"	"positive"	"ingroup"	"negative"	0.294767783070399
"5"	"negative"	"outgroup"	"negative"	0.167865839732179
"5"	"negative"	"ingroup"	"negative"	0.34558583505414
"5"	"positive"	"outgroup"	"negative"	0.75581809881538
"5"	"negative"	"outgroup"	"negative"	0.280757477105331
"5"	"negative"	"ingroup"	"positive"	0.43658794887987
"5"	"negative"	"ingroup"	"negative"	0.195479555804314
"5"	"positive"	"ingroup"	"positive"	0.29386746813353
"5"	"negative"	"ingroup"	"negative"	0.298243866547296
"5"	"negative"	"ingroup"	"negative"	0.180379191451444
"5"	"positive"	"outgroup"	"negative"	0.140178973584423
"5"	"negative"	"ingroup"	"positive"	0.248018839461568
"5"	"positive"	"outgroup"	"positive"	0.414817698320232
"5"	"negative"	"outgroup"	"negative"	0.154323345988992
"5"	"negative"	"ingroup"	"negative"	0.672234218105567
"5"	"positive"	"outgroup"	"positive"	0.274795159893214
"5"	"negative"	"ingroup"	"positive"	0.14173650228438
"5"	"negative"	"ingroup"	"positive"	0.190997553345726
"5"	"negative"	"ingroup"	"negative"	0.354795487217548
"5"	"negative"	"ingroup"	"negative"	0.50222347623266
"5"	"positive"	"ingroup"	"negative"	0.776988870970851
"5"	"negative"	"outgroup"	"positive"	0.267802209709611
"5"	"positive"	"ingroup"	"positive"	0.516537619903453
"5"	"positive"	"ingroup"	"positive"	0.52138152212759
"5"	"negative"	"ingroup"	"positive"	0.181932657061628
"5"	"positive"	"ingroup"	"positive"	0.152842342466873
"5"	"positive"	"outgroup"	"positive"	0.224013728510106
"5"	"negative"	"ingroup"	"positive"	0.181554017460258
"5"	"positive"	"ingroup"	"positive"	0.320529200612722
"5"	"positive"	"ingroup"	"positive"	0.225827820459324
"5"	"positive"	"ingroup"	"negative"	0.166389242815211
"5"	"positive"	"ingroup"	"negative"	0.24420431354482
"5"	"negative"	"ingroup"	"negative"	0.522557772997608
"5"	"positive"	"ingroup"	"positive"	0.29018351985081
"5"	"positive"	"outgroup"	"negative"	0.416808740323964
"5"	"negative"	"ingroup"	"negative"	0.201732879226293
"5"	"positive"	"outgroup"	"positive"	0.151558451316413
"5"	"positive"	"ingroup"	"positive"	0.259569768176217
"5"	"positive"	"outgroup"	"negative"	0.210517491906462
"5"	"positive"	"outgroup"	"positive"	0.565769156954779
"5"	"negative"	"outgroup"	"negative"	0.304202252509263
"5"	"positive"	"outgroup"	"positive"	0.236066198472776
"5"	"negative"	"ingroup"	"positive"	0.352952857548671
"5"	"negative"	"ingroup"	"positive"	0.352566111953974
"5"	"negative"	"ingroup"	"positive"	0.152331442835408
"5"	"negative"	"ingroup"	"positive"	0.330424932704291
"5"	"positive"	"outgroup"	"positive"	0.332257190937245
"5"	"negative"	"outgroup"	"negative"	0.218862095588697
"5"	"negative"	"outgroup"	"negative"	0.143657480485944
"5"	"positive"	"ingroup"	"positive"	0.259967336721208
"5"	"positive"	"outgroup"	"positive"	0.208744575085588
"5"	"negative"	"ingroup"	"negative"	0.359855976682795
"5"	"positive"	"outgroup"	"negative"	0.296662981271513
"5"	"positive"	"ingroup"	"negative"	0.478797487541181
"5"	"positive"	"ingroup"	"positive"	0.245576886518535
"5"	"negative"	"ingroup"	"negative"	0.168102583457915
"5"	"positive"	"outgroup"	"positive"	0.143432636322133
"5"	"positive"	"ingroup"	"positive"	0.177784142850499
"5"	"positive"	"outgroup"	"positive"	0.216107549855957
"5"	"negative"	"ingroup"	"positive"	0.178760776371703
"5"	"negative"	"ingroup"	"positive"	0.609991641308132
"5"	"positive"	"ingroup"	"positive"	0.281551588300161
"5"	"negative"	"ingroup"	"negative"	0.222491429585471
"5"	"negative"	"outgroup"	"negative"	1.19690953544209
"5"	"negative"	"ingroup"	"positive"	0.249879977756035
"5"	"positive"	"outgroup"	"negative"	0.256401257905711
"5"	"negative"	"ingroup"	"negative"	0.302407501993952
"5"	"negative"	"ingroup"	"positive"	0.47443588363547
"5"	"positive"	"outgroup"	"negative"	0.239198603093388
"5"	"negative"	"outgroup"	"negative"	0.250240200116523
"5"	"negative"	"outgroup"	"negative"	0.30491650139456
"5"	"positive"	"outgroup"	"positive"	0.148414951238027
"5"	"negative"	"ingroup"	"negative"	0.394273768814445
"5"	"negative"	"ingroup"	"positive"	0.287813197818799
"5"	"negative"	"outgroup"	"negative"	0.202829246099816
"5"	"negative"	"outgroup"	"negative"	0.537870745688283
"5"	"negative"	"outgroup"	"negative"	0.169200419093662
"5"	"negative"	"ingroup"	"positive"	0.218142093862332
"5"	"positive"	"outgroup"	"negative"	0.430175100203045
"5"	"negative"	"outgroup"	"positive"	0.186836286307237
"5"	"negative"	"outgroup"	"positive"	0.284595991154605
"5"	"negative"	"outgroup"	"negative"	0.149041421361157
"5"	"positive"	"ingroup"	"positive"	0.365678672770656
"5"	"negative"	"outgroup"	"negative"	0.194700155242046
"5"	"negative"	"ingroup"	"negative"	0.307453928588263
"5"	"positive"	"outgroup"	"positive"	0.462523813420428
"5"	"negative"	"ingroup"	"positive"	0.225285745237354
"5"	"negative"	"outgroup"	"negative"	0.709106326527375
"5"	"negative"	"ingroup"	"negative"	0.286547513763533
"5"	"positive"	"ingroup"	"positive"	0.144598304783384
"5"	"negative"	"ingroup"	"positive"	0.211484397196427
"5"	"positive"	"ingroup"	"positive"	0.644380486132139
"5"	"negative"	"ingroup"	"negative"	0.262374324988634
"5"	"positive"	"ingroup"	"positive"	0.171911935466317
"5"	"negative"	"ingroup"	"negative"	0.267654257297998
"5"	"positive"	"outgroup"	"negative"	0.677284410932655
"5"	"positive"	"ingroup"	"negative"	0.213023631999648
"5"	"negative"	"ingroup"	"positive"	0.545971120862697
"5"	"positive"	"outgroup"	"positive"	0.532444600843805
"5"	"negative"	"outgroup"	"negative"	0.172853307760732
"5"	"negative"	"ingroup"	"positive"	0.222488582933073
"5"	"positive"	"ingroup"	"positive"	0.261628154784712
"5"	"positive"	"outgroup"	"positive"	0.192910820960135
"5"	"positive"	"outgroup"	"positive"	0.43035273078433
"5"	"negative"	"outgroup"	"negative"	0.249876735084285
"5"	"positive"	"outgroup"	"negative"	0.272453368002002
"5"	"positive"	"ingroup"	"negative"	0.539512705960131
"5"	"negative"	"ingroup"	"negative"	0.131051812384683
"5"	"negative"	"outgroup"	"negative"	0.355832331677034
"5"	"positive"	"outgroup"	"positive"	0.454649262006932
"5"	"negative"	"outgroup"	"negative"	0.145793827779305
"5"	"positive"	"outgroup"	"positive"	0.377700219643868
"5"	"positive"	"ingroup"	"positive"	0.180124228387873
"5"	"negative"	"outgroup"	"negative"	0.249656508625825
"5"	"positive"	"outgroup"	"positive"	0.391096332458275
"5"	"positive"	"outgroup"	"positive"	0.447676438471156
"5"	"negative"	"ingroup"	"positive"	0.186327187391832
"5"	"positive"	"outgroup"	"positive"	0.186338611769677
"5"	"negative"	"ingroup"	"negative"	0.166158173064498
"5"	"positive"	"ingroup"	"negative"	0.187968667000361
"5"	"negative"	"outgroup"	"negative"	0.565188848672399
"5"	"positive"	"ingroup"	"negative"	0.248630908120341
"5"	"negative"	"ingroup"	"positive"	0.281276137186692
"5"	"negative"	"ingroup"	"positive"	0.270025893756723
"5"	"negative"	"outgroup"	"negative"	0.181896563287765
"5"	"positive"	"ingroup"	"positive"	0.262560415345031
"5"	"positive"	"ingroup"	"positive"	0.244067308840898
"5"	"positive"	"ingroup"	"positive"	0.489947683084786
"5"	"negative"	"outgroup"	"negative"	0.309503972877164
"5"	"negative"	"outgroup"	"negative"	0.179215765537123
"5"	"positive"	"ingroup"	"positive"	0.351410214471344
"5"	"positive"	"ingroup"	"positive"	0.448629355424787
"5"	"negative"	"ingroup"	"negative"	0.304232727580312
"5"	"negative"	"ingroup"	"positive"	0.339137989479517
"5"	"positive"	"ingroup"	"positive"	0.225670706650951
"5"	"negative"	"outgroup"	"negative"	0.1476952224425
"5"	"positive"	"ingroup"	"negative"	0.290704313522476
"5"	"positive"	"outgroup"	"positive"	0.326951964256575
"5"	"negative"	"outgroup"	"negative"	0.136443819190251
"5"	"positive"	"outgroup"	"positive"	0.36430083787223
"5"	"positive"	"ingroup"	"negative"	0.365205845882866
"5"	"negative"	"ingroup"	"negative"	0.220311498851444
"5"	"positive"	"ingroup"	"positive"	0.142184841993709
"5"	"positive"	"ingroup"	"positive"	0.258960465310843
"5"	"positive"	"outgroup"	"positive"	0.186192142470071
"5"	"negative"	"ingroup"	"positive"	0.275586287784294
"5"	"negative"	"outgroup"	"negative"	0.189022621746158
"5"	"negative"	"outgroup"	"positive"	0.286864902800644
"5"	"negative"	"outgroup"	"negative"	0.58866802018556
"5"	"negative"	"ingroup"	"negative"	0.817834032151477
"5"	"positive"	"ingroup"	"positive"	0.146547116278572
"5"	"negative"	"outgroup"	"negative"	0.225595556596614
"5"	"negative"	"ingroup"	"negative"	0.161843872475662
"5"	"negative"	"outgroup"	"negative"	0.149948940024269
"5"	"positive"	"ingroup"	"positive"	0.353389708832545
"5"	"positive"	"outgroup"	"positive"	0.507757915239378
"5"	"positive"	"outgroup"	"positive"	0.230245735015054
"5"	"positive"	"ingroup"	"positive"	0.153608034668527
"5"	"positive"	"ingroup"	"negative"	0.215352706152221
"5"	"negative"	"outgroup"	"negative"	0.197297164836345
"5"	"negative"	"outgroup"	"negative"	0.209066306837972
"5"	"positive"	"outgroup"	"positive"	0.375780798091332
"5"	"negative"	"ingroup"	"negative"	0.333894472254057
"5"	"positive"	"ingroup"	"positive"	0.288817270876106
"5"	"negative"	"outgroup"	"negative"	0.434238303335044
"5"	"positive"	"outgroup"	"negative"	0.433568484528109
"5"	"negative"	"ingroup"	"negative"	0.163036510788382
"5"	"positive"	"ingroup"	"negative"	0.291707933250274
"5"	"positive"	"ingroup"	"positive"	0.405498052253932
"5"	"negative"	"ingroup"	"positive"	0.347353251366093
"5"	"negative"	"ingroup"	"negative"	0.241638769241414
"5"	"negative"	"outgroup"	"positive"	0.301731304207391
"5"	"negative"	"outgroup"	"positive"	0.540602205282469
"5"	"positive"	"ingroup"	"negative"	0.370015987992125
"5"	"negative"	"ingroup"	"positive"	0.193275333397921
"5"	"positive"	"ingroup"	"negative"	0.436631077497587
"5"	"positive"	"outgroup"	"negative"	0.225555753800265
"5"	"negative"	"outgroup"	"negative"	0.405739692662265
"5"	"negative"	"outgroup"	"negative"	0.27125110293201
"5"	"negative"	"outgroup"	"negative"	0.265561459298435
"5"	"negative"	"outgroup"	"positive"	0.465770099742782
"5"	"negative"	"outgroup"	"positive"	0.386147719544966
"5"	"negative"	"outgroup"	"negative"	0.592383574314915
"5"	"positive"	"ingroup"	"negative"	0.367258848383075
"5"	"positive"	"ingroup"	"negative"	0.688414636110712
"5"	"positive"	"ingroup"	"positive"	0.289207851656787
"5"	"negative"	"ingroup"	"negative"	0.307085900882184
"5"	"negative"	"outgroup"	"negative"	0.389788932814816
"5"	"positive"	"ingroup"	"positive"	0.170988611349721
"5"	"positive"	"ingroup"	"negative"	0.165256884910154
"5"	"positive"	"ingroup"	"negative"	0.260009129695385
"5"	"negative"	"ingroup"	"negative"	0.648319550256707
"5"	"positive"	"outgroup"	"positive"	0.173503042414173
"5"	"positive"	"ingroup"	"positive"	0.169302798823032
"5"	"positive"	"outgroup"	"positive"	0.361402270206397
"5"	"negative"	"outgroup"	"negative"	0.421618365085736
"5"	"positive"	"ingroup"	"positive"	0.818922314197751
"5"	"positive"	"outgroup"	"positive"	0.267826503311648
"5"	"positive"	"outgroup"	"negative"	0.135242458122626
"5"	"positive"	"ingroup"	"positive"	0.293043898593695
"5"	"negative"	"ingroup"	"negative"	0.214541166051138
"5"	"positive"	"outgroup"	"negative"	0.307527399132781
"5"	"positive"	"ingroup"	"positive"	0.398351706969052
"5"	"negative"	"outgroup"	"negative"	0.438185946672213
"5"	"positive"	"outgroup"	"negative"	0.25128092974182
"5"	"positive"	"ingroup"	"positive"	0.356284922265382
"5"	"negative"	"ingroup"	"negative"	0.858089435951997
"5"	"negative"	"ingroup"	"positive"	0.29974695613942
"5"	"positive"	"ingroup"	"positive"	0.180589310490385
"5"	"negative"	"outgroup"	"negative"	0.166393103290728
"5"	"negative"	"outgroup"	"positive"	0.211440008287334
"6"	"positive"	"outgroup"	"positive"	0.506332145325078
"6"	"negative"	"ingroup"	"positive"	0.568565126459187
"6"	"positive"	"outgroup"	"positive"	1.05046000519599
"6"	"positive"	"outgroup"	"positive"	0.553981576914541
"6"	"negative"	"outgroup"	"positive"	0.985154211008141
"6"	"positive"	"outgroup"	"positive"	0.617758212822381
"6"	"negative"	"ingroup"	"negative"	0.470807744120841
"6"	"negative"	"outgroup"	"negative"	0.648711420294314
"6"	"negative"	"ingroup"	"negative"	0.967578832212111
"6"	"negative"	"outgroup"	"positive"	0.586169842569412
"6"	"positive"	"ingroup"	"positive"	0.576919576713221
"6"	"positive"	"ingroup"	"positive"	0.965237166018553
"6"	"negative"	"outgroup"	"negative"	0.744158358527835
"6"	"positive"	"outgroup"	"positive"	0.659201357907414
"6"	"positive"	"outgroup"	"positive"	0.587421797524621
"6"	"positive"	"outgroup"	"positive"	0.61784231869709
"6"	"positive"	"ingroup"	"positive"	0.568893165106664
"6"	"positive"	"outgroup"	"positive"	0.587388473720891
"6"	"positive"	"ingroup"	"positive"	0.650672304128474
"6"	"negative"	"outgroup"	"negative"	0.675572394920753
"6"	"positive"	"outgroup"	"positive"	0.856477009792538
"6"	"positive"	"ingroup"	"positive"	0.840806170713349
"6"	"positive"	"ingroup"	"positive"	0.539819951782904
"6"	"negative"	"outgroup"	"negative"	0.614325821309324
"6"	"positive"	"ingroup"	"negative"	1.01375884861383
"6"	"negative"	"outgroup"	"negative"	0.537357818755248
"6"	"positive"	"outgroup"	"positive"	0.864032752180089
"6"	"positive"	"outgroup"	"positive"	0.547609689012697
"6"	"negative"	"ingroup"	"negative"	1.40780810655412
"6"	"negative"	"outgroup"	"negative"	1.09605811372285
"6"	"negative"	"outgroup"	"positive"	1.12728765961262
"6"	"negative"	"ingroup"	"positive"	0.602044768334337
"6"	"positive"	"ingroup"	"positive"	0.869705976721065
"6"	"negative"	"ingroup"	"negative"	0.537520368116118
"6"	"positive"	"ingroup"	"positive"	0.569147961977252
"6"	"negative"	"ingroup"	"positive"	0.832251688666346
"6"	"negative"	"outgroup"	"positive"	0.956207975625666
"6"	"negative"	"ingroup"	"negative"	0.469261424269245
"6"	"positive"	"ingroup"	"positive"	0.728452793542468
"6"	"negative"	"outgroup"	"positive"	0.832456565175488
"6"	"negative"	"ingroup"	"negative"	0.586685012762286
"6"	"positive"	"outgroup"	"positive"	0.603906361885789
"6"	"negative"	"outgroup"	"negative"	0.630757291008214
"6"	"positive"	"outgroup"	"positive"	0.550199486216794
"6"	"positive"	"ingroup"	"positive"	0.612296478086404
"6"	"positive"	"ingroup"	"positive"	0.898734027045704
"6"	"positive"	"ingroup"	"negative"	0.654156788471218
"6"	"positive"	"outgroup"	"positive"	0.637683872637262
"6"	"negative"	"outgroup"	"positive"	0.709978626128932
"6"	"positive"	"ingroup"	"positive"	0.627692160713515
"6"	"positive"	"outgroup"	"positive"	0.690311701211089
"6"	"positive"	"ingroup"	"positive"	0.589463090858138
"6"	"negative"	"outgroup"	"positive"	0.543744838074067
"6"	"positive"	"ingroup"	"negative"	0.504042328448389
"6"	"positive"	"ingroup"	"positive"	0.614158619411703
"6"	"positive"	"outgroup"	"positive"	0.587691036443722
"6"	"negative"	"ingroup"	"negative"	0.531580575536142
"6"	"negative"	"outgroup"	"negative"	0.752055834882861
"6"	"negative"	"outgroup"	"negative"	0.524387236096566
"6"	"negative"	"ingroup"	"negative"	0.502927432772957
"6"	"positive"	"outgroup"	"negative"	0.481121313844548
"6"	"positive"	"outgroup"	"negative"	0.732752747385378
"6"	"positive"	"outgroup"	"positive"	1.17614127485369
"6"	"negative"	"outgroup"	"positive"	1.27183901866479
"6"	"negative"	"outgroup"	"negative"	0.575725384430098
"6"	"negative"	"outgroup"	"positive"	0.887249020745583
"6"	"positive"	"ingroup"	"negative"	0.704726166157121
"6"	"positive"	"outgroup"	"positive"	0.803163038326305
"6"	"positive"	"ingroup"	"negative"	0.488554287850904
"6"	"negative"	"ingroup"	"negative"	0.475425432374737
"6"	"negative"	"outgroup"	"positive"	0.567657279422415
"6"	"positive"	"outgroup"	"positive"	0.846413946880607
"6"	"positive"	"outgroup"	"positive"	0.667320004672732
"6"	"positive"	"ingroup"	"positive"	0.842091420369177
"6"	"negative"	"outgroup"	"negative"	1.21978283955812
"6"	"positive"	"outgroup"	"positive"	1.53017995784771
"6"	"positive"	"outgroup"	"positive"	0.870673416856032
"6"	"positive"	"outgroup"	"positive"	0.778465420925534
"6"	"negative"	"outgroup"	"negative"	0.623646682141651
"6"	"positive"	"ingroup"	"positive"	0.598935393020898
"6"	"positive"	"outgroup"	"positive"	1.02696724149293
"6"	"positive"	"ingroup"	"positive"	0.615678213890931
"6"	"positive"	"ingroup"	"positive"	0.612490456968917
"6"	"positive"	"outgroup"	"negative"	0.77138227442002
"6"	"negative"	"outgroup"	"positive"	0.510297372222007
"6"	"positive"	"ingroup"	"negative"	2.21996845433674
"6"	"positive"	"ingroup"	"positive"	0.489854687401323
"6"	"positive"	"outgroup"	"positive"	0.510941353676378
"6"	"positive"	"ingroup"	"positive"	0.472857055757139
"6"	"negative"	"outgroup"	"negative"	0.864429423510885
"6"	"positive"	"outgroup"	"positive"	0.738902425759656
"6"	"negative"	"outgroup"	"negative"	0.692336759559108
"6"	"negative"	"ingroup"	"positive"	0.939328592950107
"6"	"positive"	"ingroup"	"positive"	0.673570716314851
"6"	"positive"	"ingroup"	"positive"	0.710090810270814
"6"	"negative"	"ingroup"	"negative"	0.666077333998543
"6"	"negative"	"outgroup"	"negative"	0.555170113218289
"6"	"positive"	"ingroup"	"negative"	0.506799706671985
"6"	"positive"	"outgroup"	"positive"	0.638220447195951
"6"	"positive"	"outgroup"	"positive"	0.939287440484522
"6"	"positive"	"outgroup"	"positive"	0.63165325954835
"6"	"negative"	"ingroup"	"negative"	0.499319101168079
"6"	"positive"	"outgroup"	"positive"	0.67282226737249
"6"	"negative"	"ingroup"	"positive"	0.926134771228748
"6"	"positive"	"outgroup"	"positive"	0.476756349210099
"6"	"positive"	"ingroup"	"positive"	0.522157014510408
"6"	"negative"	"ingroup"	"negative"	0.935602480157783
"6"	"negative"	"outgroup"	"negative"	1.33572952002741
"6"	"negative"	"outgroup"	"positive"	0.62273460890591
"6"	"negative"	"outgroup"	"negative"	0.702204757195197
"6"	"negative"	"outgroup"	"positive"	1.76188104366033
"6"	"negative"	"outgroup"	"negative"	0.472810935245191
"6"	"positive"	"outgroup"	"positive"	0.487394217686296
"6"	"negative"	"ingroup"	"negative"	0.600392969392383
"6"	"positive"	"ingroup"	"negative"	0.456229744875113
"6"	"positive"	"outgroup"	"positive"	0.918057791445063
"6"	"positive"	"ingroup"	"positive"	0.675472152699205
"6"	"positive"	"ingroup"	"positive"	0.464404670280089
"6"	"positive"	"outgroup"	"negative"	0.536771612869146
"6"	"positive"	"ingroup"	"negative"	1.92947363738433
"6"	"negative"	"ingroup"	"negative"	0.848484624836815
"6"	"negative"	"ingroup"	"negative"	0.600428902863893
"6"	"negative"	"ingroup"	"negative"	0.712468498365632
"6"	"positive"	"outgroup"	"positive"	0.941759567461075
"6"	"positive"	"ingroup"	"positive"	0.506007035979895
"6"	"positive"	"ingroup"	"negative"	0.54459490297402
"6"	"positive"	"ingroup"	"positive"	0.522873733456559
"6"	"positive"	"ingroup"	"positive"	0.651723801263934
"6"	"negative"	"ingroup"	"negative"	0.86211276194674
"6"	"positive"	"ingroup"	"positive"	0.662226559410174
"6"	"negative"	"outgroup"	"negative"	0.52243048327916
"6"	"positive"	"outgroup"	"negative"	0.607557538910133
"6"	"negative"	"outgroup"	"negative"	0.667144891007962
"6"	"positive"	"outgroup"	"positive"	0.689779288718254
"6"	"negative"	"ingroup"	"negative"	0.755481193946408
"6"	"negative"	"outgroup"	"negative"	0.854978171279907
"6"	"positive"	"outgroup"	"positive"	0.876176100915636
"6"	"negative"	"outgroup"	"negative"	0.822998228882276
"6"	"negative"	"outgroup"	"negative"	0.535025633389714
"6"	"positive"	"outgroup"	"positive"	0.489418350791198
"6"	"positive"	"outgroup"	"positive"	0.552340346452639
"6"	"positive"	"ingroup"	"positive"	0.781437109930789
"6"	"positive"	"outgroup"	"positive"	1.14410013479079
"6"	"negative"	"ingroup"	"negative"	0.565191949801393
"6"	"negative"	"ingroup"	"positive"	0.540838677394237
"6"	"positive"	"ingroup"	"positive"	0.554625824457927
"6"	"positive"	"ingroup"	"positive"	0.935815737469829
"6"	"positive"	"ingroup"	"positive"	0.517731318281709
"6"	"negative"	"outgroup"	"negative"	0.714251765832935
"6"	"positive"	"outgroup"	"positive"	0.6494542924405
"6"	"negative"	"outgroup"	"negative"	0.902578550106834
"6"	"negative"	"ingroup"	"negative"	0.923904846047876
"6"	"positive"	"ingroup"	"positive"	0.538694908213086
"6"	"negative"	"ingroup"	"negative"	0.580948698287586
"6"	"positive"	"ingroup"	"positive"	0.553712961168107
"6"	"positive"	"outgroup"	"positive"	0.548125106281669
"6"	"positive"	"ingroup"	"negative"	1.69411311003785
"6"	"negative"	"ingroup"	"positive"	0.57926479631515
"6"	"positive"	"outgroup"	"positive"	0.562079336355789
"6"	"positive"	"ingroup"	"positive"	0.648180777663397
"6"	"negative"	"ingroup"	"negative"	0.549459967121697
"6"	"positive"	"outgroup"	"positive"	0.680246294607473
"6"	"positive"	"outgroup"	"negative"	1.49162105200477
"6"	"negative"	"ingroup"	"negative"	0.708280066243201
"6"	"positive"	"ingroup"	"positive"	0.548831429019174
"6"	"positive"	"outgroup"	"positive"	1.15103236890188
"6"	"negative"	"ingroup"	"negative"	0.769611582482702
"6"	"negative"	"outgroup"	"negative"	0.682170433671048
"6"	"negative"	"ingroup"	"positive"	0.610228311112175
"6"	"negative"	"outgroup"	"negative"	0.550237402919934
"6"	"negative"	"outgroup"	"negative"	0.702716879921594
"6"	"negative"	"outgroup"	"negative"	0.721121191320852
"6"	"positive"	"ingroup"	"positive"	1.0429676597839
"6"	"positive"	"ingroup"	"negative"	0.790103161765069
"6"	"negative"	"ingroup"	"positive"	0.612892977472265
"6"	"positive"	"ingroup"	"positive"	0.45871381600222
"6"	"positive"	"ingroup"	"positive"	0.5355077509378
"6"	"positive"	"outgroup"	"negative"	0.508787494185043
"6"	"negative"	"ingroup"	"negative"	0.790592827251048
"6"	"positive"	"ingroup"	"positive"	1.12297534533044
"6"	"positive"	"ingroup"	"positive"	0.938644631515403
"6"	"negative"	"ingroup"	"negative"	0.598698917290584
"6"	"negative"	"ingroup"	"negative"	0.872791363920776
"6"	"negative"	"ingroup"	"positive"	0.712803060188153
"6"	"negative"	"ingroup"	"negative"	0.606430344757268
"6"	"negative"	"ingroup"	"negative"	0.946604790474815
"6"	"positive"	"outgroup"	"negative"	1.03253267375151
"6"	"positive"	"ingroup"	"positive"	0.633815351082182
"6"	"positive"	"ingroup"	"negative"	0.512812118708264
"6"	"positive"	"ingroup"	"positive"	0.697294521532151
"6"	"negative"	"ingroup"	"positive"	0.471669275435658
"6"	"negative"	"outgroup"	"negative"	0.634510859592556
"6"	"negative"	"ingroup"	"negative"	0.52302429539639
"6"	"negative"	"ingroup"	"negative"	0.543955230409774
"6"	"positive"	"ingroup"	"positive"	0.553393206854777
"6"	"negative"	"outgroup"	"positive"	0.570235070882443
"6"	"negative"	"outgroup"	"negative"	0.553696606797921
"6"	"negative"	"ingroup"	"positive"	0.796662133181311
"6"	"positive"	"outgroup"	"positive"	0.749983402161005
"6"	"negative"	"outgroup"	"negative"	0.835826518388289
"6"	"negative"	"ingroup"	"negative"	0.507694254170375
"6"	"positive"	"outgroup"	"negative"	0.64321894416624
"6"	"negative"	"ingroup"	"negative"	0.724069921904855
"6"	"positive"	"outgroup"	"positive"	0.997548922751603
"6"	"positive"	"outgroup"	"negative"	0.743040681700125
"6"	"positive"	"outgroup"	"positive"	0.844227964768189
"6"	"positive"	"outgroup"	"positive"	0.585843550094918
"6"	"negative"	"ingroup"	"negative"	0.623733618594235
"6"	"negative"	"outgroup"	"negative"	0.486034509140232
"6"	"positive"	"ingroup"	"positive"	0.707928557085062
"6"	"negative"	"ingroup"	"negative"	0.774766079217607
"6"	"negative"	"ingroup"	"positive"	0.554110529643486
"6"	"negative"	"ingroup"	"negative"	0.492081863410249
"6"	"positive"	"ingroup"	"positive"	0.984419300465911
"6"	"negative"	"ingroup"	"negative"	0.591884079196083
"6"	"negative"	"ingroup"	"negative"	0.547780602296
"6"	"negative"	"outgroup"	"positive"	0.592669928111095
"6"	"positive"	"ingroup"	"negative"	0.668546247566823
"6"	"negative"	"outgroup"	"positive"	0.48241232819086
"6"	"positive"	"ingroup"	"positive"	0.563212365064896
"6"	"negative"	"ingroup"	"positive"	0.771305266930789
"6"	"positive"	"outgroup"	"positive"	0.510416632819932
"6"	"negative"	"ingroup"	"positive"	0.525511854987785
"6"	"positive"	"outgroup"	"negative"	0.494839826155544
"6"	"positive"	"ingroup"	"positive"	1.10211038021999
"6"	"negative"	"outgroup"	"positive"	0.523601249346549
"6"	"negative"	"ingroup"	"positive"	0.845161818347499
"6"	"negative"	"outgroup"	"negative"	0.76441372317163
"6"	"negative"	"ingroup"	"negative"	0.96888277128034
"6"	"negative"	"outgroup"	"negative"	0.482523094687824
"6"	"positive"	"ingroup"	"negative"	0.749583389030244
"6"	"negative"	"ingroup"	"negative"	0.610569522914837
"6"	"positive"	"ingroup"	"negative"	0.479058460158171
"6"	"positive"	"outgroup"	"positive"	1.23342928659476
"6"	"negative"	"ingroup"	"positive"	0.739269087346894
"6"	"negative"	"outgroup"	"negative"	0.686742878648363
"6"	"positive"	"outgroup"	"positive"	0.79391087391832
"6"	"negative"	"ingroup"	"negative"	1.12231485076368
"6"	"negative"	"ingroup"	"negative"	0.590887587040696
"6"	"negative"	"outgroup"	"negative"	0.988710035954205
"6"	"positive"	"outgroup"	"negative"	0.542617511899724
"6"	"negative"	"ingroup"	"negative"	0.67288671619973
"6"	"positive"	"outgroup"	"positive"	0.911131392715478
"6"	"negative"	"ingroup"	"negative"	0.591703717060346
"6"	"positive"	"ingroup"	"positive"	0.82878651085139
"6"	"negative"	"outgroup"	"negative"	0.648203173881
"6"	"positive"	"outgroup"	"positive"	0.593682143895409
"6"	"positive"	"ingroup"	"negative"	0.687323809283731
"6"	"positive"	"ingroup"	"positive"	0.470300616145579
"6"	"positive"	"outgroup"	"positive"	0.610985322006869
"6"	"positive"	"outgroup"	"negative"	0.673257779548524
"6"	"negative"	"outgroup"	"positive"	0.508729173508186
"6"	"positive"	"outgroup"	"positive"	1.18722196317246
"6"	"negative"	"outgroup"	"negative"	0.581230831296693
"6"	"negative"	"ingroup"	"positive"	0.583652630644367
"6"	"positive"	"outgroup"	"positive"	0.629353114296225
"6"	"negative"	"outgroup"	"positive"	0.508828045898444
"6"	"negative"	"ingroup"	"negative"	0.456586916916237
"6"	"positive"	"outgroup"	"positive"	0.515940896807085
"6"	"negative"	"ingroup"	"positive"	0.71213095219724
"6"	"negative"	"outgroup"	"positive"	1.00291726319881
"6"	"negative"	"ingroup"	"negative"	0.542067430565623
"6"	"negative"	"outgroup"	"negative"	0.681866774595062
"6"	"positive"	"outgroup"	"positive"	0.960982879357666
"6"	"negative"	"outgroup"	"negative"	0.564713103922875
"6"	"negative"	"outgroup"	"negative"	1.06779819219682
"6"	"negative"	"ingroup"	"negative"	0.478001500157564
"6"	"negative"	"ingroup"	"negative"	0.988164603576549
"6"	"negative"	"outgroup"	"negative"	0.740518551079266
"6"	"positive"	"ingroup"	"negative"	0.761160297768813
"6"	"positive"	"outgroup"	"negative"	0.776589470008083
"6"	"negative"	"outgroup"	"positive"	0.558129751552208
"6"	"positive"	"ingroup"	"positive"	0.740316001288372
"6"	"positive"	"ingroup"	"positive"	0.660511862272162
"6"	"negative"	"ingroup"	"negative"	1.04708136152602
"6"	"positive"	"ingroup"	"positive"	1.03815274244863
"6"	"positive"	"outgroup"	"positive"	0.575275074872623
"6"	"negative"	"ingroup"	"negative"	0.444355504822472
"6"	"positive"	"ingroup"	"positive"	0.492232451820774
"6"	"negative"	"outgroup"	"positive"	0.758576551486349
"6"	"negative"	"ingroup"	"negative"	0.590901781073266
"6"	"negative"	"ingroup"	"positive"	0.509528895187983
"6"	"negative"	"ingroup"	"negative"	0.535462668008929
"6"	"positive"	"ingroup"	"positive"	0.779247889469741
"6"	"negative"	"ingroup"	"negative"	0.646679307263114
"6"	"negative"	"ingroup"	"negative"	1.0066305191865
"6"	"positive"	"outgroup"	"positive"	1.04403974780216
"6"	"negative"	"outgroup"	"negative"	0.660691271510979
"6"	"positive"	"ingroup"	"positive"	0.856905870986671
"6"	"positive"	"ingroup"	"positive"	0.996142141999429
"6"	"negative"	"outgroup"	"negative"	1.14619891260737
"6"	"positive"	"ingroup"	"positive"	0.516876905901545
"6"	"positive"	"ingroup"	"positive"	0.539144459205602
"6"	"negative"	"ingroup"	"negative"	0.541456081970138
"6"	"negative"	"outgroup"	"negative"	0.578117884881469
"6"	"positive"	"ingroup"	"positive"	0.507141168145558
"6"	"positive"	"outgroup"	"positive"	0.754179322102374
"6"	"positive"	"outgroup"	"positive"	0.596577676436393
"6"	"positive"	"outgroup"	"positive"	1.05300492217409
"6"	"positive"	"outgroup"	"positive"	0.577757494518368
"6"	"negative"	"outgroup"	"negative"	0.791564371376832
"6"	"negative"	"ingroup"	"negative"	1.02425443302467
"6"	"negative"	"outgroup"	"positive"	0.766839706237868
"6"	"positive"	"outgroup"	"positive"	0.658122908860568
"6"	"negative"	"ingroup"	"negative"	1.19214434192786
"6"	"positive"	"outgroup"	"positive"	0.575833472079915
"6"	"negative"	"outgroup"	"negative"	0.676095681381988
"6"	"positive"	"outgroup"	"positive"	1.05010269766514
"6"	"positive"	"outgroup"	"positive"	1.00989694977141
"6"	"positive"	"outgroup"	"positive"	0.504401154323009
"6"	"positive"	"outgroup"	"positive"	0.749865551397622
"6"	"negative"	"ingroup"	"negative"	0.655982265099538
"6"	"negative"	"outgroup"	"negative"	0.650158843733801
"6"	"negative"	"outgroup"	"negative"	0.477841780694312
"6"	"negative"	"outgroup"	"negative"	0.752777641646712
"6"	"negative"	"outgroup"	"negative"	0.521986693034971
"6"	"negative"	"outgroup"	"negative"	0.695010447233987
"6"	"positive"	"ingroup"	"positive"	1.18890927443197
"6"	"positive"	"ingroup"	"positive"	0.471626318176701
"6"	"positive"	"outgroup"	"positive"	1.11250665788666
"6"	"negative"	"outgroup"	"negative"	0.917981948846057
"6"	"positive"	"ingroup"	"negative"	0.617538577297804
"6"	"positive"	"ingroup"	"positive"	0.646081334342898
"6"	"positive"	"outgroup"	"negative"	0.923784581091533
"6"	"positive"	"ingroup"	"positive"	0.479951215904317
"6"	"negative"	"outgroup"	"negative"	1.181909039615
"6"	"positive"	"outgroup"	"positive"	0.652639658917546
"6"	"negative"	"ingroup"	"negative"	1.04932194280411
"6"	"negative"	"ingroup"	"positive"	0.562710675793228
"6"	"negative"	"outgroup"	"negative"	0.850226459510032
"6"	"negative"	"ingroup"	"negative"	0.949216957085422
"6"	"negative"	"outgroup"	"negative"	0.542419329547597
"6"	"positive"	"ingroup"	"positive"	1.92166880801848
"6"	"positive"	"outgroup"	"positive"	0.54875186208782
"6"	"positive"	"outgroup"	"negative"	0.576864263545388
"6"	"positive"	"ingroup"	"positive"	0.583685962267038
"6"	"positive"	"outgroup"	"negative"	0.473806140578454
"6"	"negative"	"outgroup"	"negative"	0.739399739341444
"6"	"positive"	"ingroup"	"positive"	0.604679348314556
"6"	"negative"	"ingroup"	"positive"	0.790826971871559
"6"	"negative"	"ingroup"	"positive"	0.721968472420957
"6"	"negative"	"ingroup"	"negative"	0.61321742630515
"6"	"negative"	"ingroup"	"negative"	0.682622927976705
"6"	"positive"	"outgroup"	"positive"	0.516369017555972
"6"	"negative"	"outgroup"	"positive"	0.635512247871681
"6"	"negative"	"ingroup"	"negative"	0.930017735965613
"6"	"positive"	"outgroup"	"negative"	0.597979450825809
"6"	"negative"	"ingroup"	"positive"	0.735492321963307
"6"	"positive"	"ingroup"	"positive"	0.996738343006132
"6"	"negative"	"ingroup"	"positive"	0.522145024434662
"6"	"positive"	"ingroup"	"positive"	0.583477321239697
"6"	"positive"	"ingroup"	"positive"	0.752777393154919
"6"	"positive"	"ingroup"	"negative"	0.475947440433384
"6"	"negative"	"outgroup"	"negative"	1.00190518123022
"6"	"positive"	"outgroup"	"positive"	1.00136812709908
"6"	"positive"	"ingroup"	"positive"	0.923544374507783
"6"	"positive"	"ingroup"	"negative"	0.583981463921975
"6"	"negative"	"outgroup"	"negative"	0.913960164802587
"6"	"positive"	"ingroup"	"positive"	0.594207662514579
"6"	"positive"	"outgroup"	"negative"	0.762428442987162
"6"	"negative"	"ingroup"	"negative"	0.531950173800236
"6"	"positive"	"ingroup"	"positive"	1.08605405592348
"6"	"negative"	"outgroup"	"negative"	0.676750025359453
"6"	"negative"	"outgroup"	"negative"	1.20722637237463
"6"	"negative"	"ingroup"	"negative"	0.686122002828869
"6"	"negative"	"ingroup"	"negative"	0.7028321841462
"6"	"positive"	"outgroup"	"positive"	0.703453077384889
"6"	"negative"	"ingroup"	"negative"	0.472729866874313
"6"	"positive"	"ingroup"	"positive"	0.651881152968442
"6"	"positive"	"outgroup"	"negative"	0.665326505581955
"6"	"negative"	"outgroup"	"negative"	0.982558573006743
"6"	"positive"	"outgroup"	"positive"	1.17543802885604
"6"	"positive"	"outgroup"	"negative"	0.648314368276565
"6"	"negative"	"outgroup"	"negative"	0.49917638974429
"6"	"negative"	"outgroup"	"negative"	0.568428487920014
"6"	"negative"	"ingroup"	"negative"	0.555435968193594
"6"	"negative"	"ingroup"	"negative"	0.55532619679753
"6"	"negative"	"outgroup"	"negative"	0.73248044236161
"6"	"positive"	"ingroup"	"positive"	0.821989190698388
"6"	"negative"	"outgroup"	"negative"	0.844555141323579
"6"	"positive"	"ingroup"	"positive"	0.484734167398029
"6"	"negative"	"ingroup"	"negative"	1.29813007024811
"6"	"negative"	"ingroup"	"negative"	0.563469986521241
"6"	"positive"	"ingroup"	"positive"	0.72042048072434
"6"	"negative"	"ingroup"	"negative"	0.469015847096812
"6"	"positive"	"outgroup"	"positive"	0.478636396386695
"6"	"negative"	"outgroup"	"negative"	0.451393869653659
"6"	"negative"	"ingroup"	"negative"	0.681481006462683
"6"	"negative"	"outgroup"	"negative"	0.928672409942258
"6"	"positive"	"outgroup"	"positive"	0.628407750504433
"6"	"positive"	"outgroup"	"positive"	0.608775388599116
"6"	"negative"	"outgroup"	"positive"	0.638670058517282
"6"	"positive"	"ingroup"	"positive"	1.25424910852802
"6"	"positive"	"ingroup"	"positive"	1.30201509453109
"6"	"negative"	"outgroup"	"negative"	0.645799890241978
"6"	"negative"	"outgroup"	"positive"	0.515145447216498
"6"	"positive"	"ingroup"	"positive"	0.550262826585116
"6"	"positive"	"outgroup"	"positive"	0.470649039838787
"6"	"negative"	"outgroup"	"negative"	0.858890391855169
"6"	"negative"	"outgroup"	"positive"	0.688969350740785
"6"	"negative"	"ingroup"	"negative"	1.23202357351634
"6"	"negative"	"ingroup"	"positive"	0.507135854069371
"6"	"positive"	"ingroup"	"positive"	1.06361536244407
"6"	"negative"	"ingroup"	"negative"	0.482801464529011
"6"	"positive"	"outgroup"	"positive"	0.60183758581263
"6"	"negative"	"outgroup"	"negative"	0.53427506125919
"6"	"negative"	"outgroup"	"negative"	1.57449102118921
"6"	"negative"	"ingroup"	"negative"	0.617710604130858
"6"	"positive"	"outgroup"	"positive"	0.574813607908406
"6"	"positive"	"ingroup"	"positive"	0.540572535977595
"6"	"negative"	"outgroup"	"negative"	0.728057961714836
"6"	"negative"	"ingroup"	"negative"	0.645202863564179
"6"	"positive"	"ingroup"	"positive"	0.586333294533343
"6"	"negative"	"outgroup"	"negative"	0.551910713031053
"6"	"negative"	"outgroup"	"negative"	0.593980853957307
"6"	"negative"	"ingroup"	"negative"	0.50076988554916
"6"	"positive"	"outgroup"	"positive"	0.692444113084211
"6"	"negative"	"ingroup"	"negative"	1.61636017887122
"6"	"positive"	"ingroup"	"positive"	1.85283707100708
"6"	"negative"	"outgroup"	"negative"	0.502308644387789
"6"	"negative"	"outgroup"	"negative"	0.703317827212093
"6"	"positive"	"outgroup"	"positive"	0.574611971609213
"6"	"negative"	"outgroup"	"positive"	0.607771954353307
"6"	"positive"	"outgroup"	"negative"	0.628772083980487
"6"	"positive"	"outgroup"	"positive"	0.492774794505149
"6"	"positive"	"ingroup"	"negative"	0.670433187479515
"6"	"positive"	"outgroup"	"positive"	0.542684213339373
"6"	"positive"	"ingroup"	"negative"	1.09147000824707
"6"	"positive"	"ingroup"	"positive"	0.704511199265665
"6"	"negative"	"ingroup"	"positive"	0.651613201703438
"6"	"negative"	"ingroup"	"positive"	0.657894383665652
"6"	"negative"	"outgroup"	"negative"	0.601368665406412
"6"	"negative"	"outgroup"	"negative"	0.608648057140981
"6"	"negative"	"ingroup"	"negative"	0.734821763728476
"6"	"positive"	"ingroup"	"positive"	0.482744317326211
"6"	"positive"	"outgroup"	"positive"	0.679386053522131
"6"	"positive"	"outgroup"	"negative"	0.809069763619039
"6"	"positive"	"ingroup"	"positive"	0.63830901724078
"6"	"negative"	"ingroup"	"negative"	0.552190609912979
"6"	"positive"	"outgroup"	"negative"	0.6688939620287
"6"	"negative"	"outgroup"	"positive"	1.02418756328483
"6"	"positive"	"outgroup"	"positive"	0.79243876570599
"6"	"negative"	"outgroup"	"negative"	0.787500381068962
"6"	"negative"	"ingroup"	"negative"	0.782910693330564
"6"	"negative"	"ingroup"	"negative"	0.710431949984959
"6"	"positive"	"ingroup"	"negative"	1.09941027392212
"6"	"negative"	"ingroup"	"negative"	0.786317796975317
"6"	"positive"	"outgroup"	"positive"	0.656444455676665
"6"	"positive"	"ingroup"	"positive"	0.552831620114308
"6"	"negative"	"outgroup"	"negative"	0.475168477886986
"6"	"negative"	"outgroup"	"negative"	0.625019521690251
"6"	"negative"	"outgroup"	"negative"	0.617689112972419
"6"	"negative"	"ingroup"	"negative"	1.13659962060291
"6"	"positive"	"outgroup"	"positive"	0.464558164631971
"6"	"negative"	"outgroup"	"positive"	1.04650338520058
"6"	"positive"	"ingroup"	"positive"	0.472635268483849
"6"	"positive"	"ingroup"	"positive"	0.47720708058818
"6"	"negative"	"ingroup"	"negative"	0.60305844246326
"6"	"negative"	"outgroup"	"positive"	0.610995187887899
"6"	"negative"	"ingroup"	"negative"	0.68792320590183
"7"	"negative"	"ingroup"	"positive"	0.489000973922122
"7"	"negative"	"ingroup"	"negative"	0.339650598024406
"7"	"positive"	"outgroup"	"positive"	0.590882788375231
"7"	"negative"	"outgroup"	"negative"	0.915151976770863
"7"	"negative"	"ingroup"	"negative"	0.46449091472211
"7"	"positive"	"outgroup"	"negative"	0.470058075715419
"7"	"negative"	"ingroup"	"positive"	0.273084886503741
"7"	"positive"	"outgroup"	"positive"	0.304034929094854
"7"	"positive"	"outgroup"	"positive"	0.301122995078754
"7"	"positive"	"ingroup"	"positive"	0.357321307498029
"7"	"positive"	"outgroup"	"negative"	0.704214382402489
"7"	"negative"	"ingroup"	"negative"	0.579721199770821
"7"	"negative"	"outgroup"	"positive"	0.586855152144505
"7"	"positive"	"ingroup"	"positive"	1.56521889345888
"7"	"positive"	"ingroup"	"positive"	0.310644963765144
"7"	"positive"	"outgroup"	"positive"	1.00747617537101
"7"	"positive"	"ingroup"	"positive"	0.491991640277913
"7"	"positive"	"ingroup"	"negative"	0.301768323099027
"7"	"positive"	"ingroup"	"positive"	0.438259338529369
"7"	"negative"	"outgroup"	"negative"	0.306164550247545
"7"	"negative"	"ingroup"	"positive"	0.335361551184793
"7"	"positive"	"outgroup"	"negative"	0.862915049163244
"7"	"negative"	"outgroup"	"negative"	0.87169992402706
"7"	"positive"	"ingroup"	"positive"	1.17356246164076
"7"	"positive"	"ingroup"	"positive"	0.853146355187298
"7"	"negative"	"outgroup"	"negative"	0.555667317517147
"7"	"positive"	"ingroup"	"negative"	0.787820777169281
"7"	"negative"	"ingroup"	"negative"	0.59705686235533
"7"	"positive"	"ingroup"	"positive"	0.266801635236102
"7"	"negative"	"outgroup"	"negative"	0.449796913261334
"7"	"negative"	"outgroup"	"negative"	1.60515464263935
"7"	"negative"	"ingroup"	"negative"	0.531538217035224
"7"	"negative"	"ingroup"	"positive"	0.530083863746974
"7"	"negative"	"ingroup"	"positive"	0.591146159635668
"7"	"negative"	"outgroup"	"negative"	0.311918784720578
"7"	"negative"	"ingroup"	"negative"	0.462924619312989
"7"	"positive"	"ingroup"	"positive"	0.774957506832754
"7"	"negative"	"ingroup"	"negative"	0.619947136905342
"7"	"negative"	"outgroup"	"negative"	0.966273196582093
"7"	"positive"	"ingroup"	"negative"	0.405996242689224
"7"	"negative"	"ingroup"	"negative"	0.460007065647809
"7"	"negative"	"ingroup"	"negative"	0.527541033145134
"7"	"positive"	"outgroup"	"positive"	0.314292352725262
"7"	"positive"	"outgroup"	"positive"	0.766981987292978
"7"	"negative"	"outgroup"	"negative"	1.13334748767181
"7"	"negative"	"ingroup"	"negative"	0.30701360028808
"7"	"negative"	"outgroup"	"negative"	0.416493554892262
"7"	"negative"	"outgroup"	"negative"	1.11976849440172
"7"	"negative"	"outgroup"	"positive"	0.642175486980119
"7"	"negative"	"outgroup"	"negative"	0.806233267387684
"7"	"negative"	"ingroup"	"negative"	1.31613564268042
"7"	"negative"	"outgroup"	"negative"	0.785231474955257
"7"	"negative"	"ingroup"	"negative"	0.254791977509715
"7"	"negative"	"outgroup"	"negative"	0.408060864248523
"7"	"negative"	"outgroup"	"positive"	0.303421818385803
"7"	"negative"	"ingroup"	"negative"	0.540258008626666
"7"	"positive"	"outgroup"	"positive"	0.54262032114028
"7"	"negative"	"ingroup"	"negative"	0.793631504812504
"7"	"positive"	"outgroup"	"positive"	0.629438596996294
"7"	"positive"	"ingroup"	"positive"	0.248972007137203
"7"	"positive"	"ingroup"	"positive"	0.938695795003336
"7"	"positive"	"ingroup"	"negative"	0.373218249902054
"7"	"positive"	"outgroup"	"positive"	0.330944827589606
"7"	"positive"	"ingroup"	"positive"	0.341602260503497
"7"	"negative"	"outgroup"	"negative"	0.420541855233659
"7"	"positive"	"outgroup"	"positive"	0.45920750694237
"7"	"negative"	"ingroup"	"negative"	0.610537589897573
"7"	"positive"	"outgroup"	"positive"	0.754281487581957
"7"	"positive"	"outgroup"	"positive"	0.419594795009605
"7"	"positive"	"outgroup"	"negative"	0.490209812031759
"7"	"negative"	"outgroup"	"negative"	0.430080062905238
"7"	"negative"	"ingroup"	"negative"	0.691084630148199
"7"	"negative"	"outgroup"	"negative"	0.314004527483605
"7"	"positive"	"ingroup"	"positive"	0.300761335840775
"7"	"positive"	"outgroup"	"negative"	0.683711783726918
"7"	"negative"	"ingroup"	"negative"	0.424116455724644
"7"	"positive"	"outgroup"	"positive"	0.332068460410584
"7"	"negative"	"ingroup"	"positive"	1.32113455122861
"7"	"positive"	"ingroup"	"positive"	0.746973404107976
"7"	"positive"	"ingroup"	"positive"	0.389493938328011
"7"	"positive"	"ingroup"	"positive"	0.412426549145703
"7"	"positive"	"outgroup"	"positive"	0.498046864958346
"7"	"negative"	"ingroup"	"negative"	0.321830621728633
"7"	"positive"	"outgroup"	"positive"	0.534662016847887
"7"	"negative"	"outgroup"	"negative"	0.349577496150897
"7"	"positive"	"ingroup"	"negative"	0.452370856069516
"7"	"negative"	"ingroup"	"negative"	0.735427392443543
"7"	"negative"	"ingroup"	"negative"	0.596488713669133
"7"	"positive"	"outgroup"	"negative"	0.279412610884327
"7"	"positive"	"outgroup"	"positive"	0.270087340721995
"7"	"negative"	"outgroup"	"negative"	0.681991062747383
"7"	"negative"	"outgroup"	"positive"	0.290413183480425
"7"	"positive"	"outgroup"	"positive"	0.615408115038445
"7"	"positive"	"ingroup"	"positive"	0.414277501855259
"7"	"negative"	"outgroup"	"negative"	0.692604907135979
"7"	"positive"	"outgroup"	"positive"	0.367598908676211
"7"	"positive"	"ingroup"	"positive"	0.547754419007142
"7"	"negative"	"ingroup"	"positive"	0.498534696409936
"7"	"positive"	"outgroup"	"negative"	0.442663620751626
"7"	"positive"	"ingroup"	"positive"	0.408044226777326
"7"	"positive"	"ingroup"	"positive"	0.292451533969205
"7"	"positive"	"ingroup"	"positive"	0.543312994959839
"7"	"negative"	"outgroup"	"negative"	0.615464115216781
"7"	"positive"	"ingroup"	"positive"	0.446153444798312
"7"	"positive"	"ingroup"	"positive"	0.281633887374186
"7"	"positive"	"ingroup"	"positive"	0.410411992113617
"7"	"negative"	"outgroup"	"negative"	1.50028114282159
"7"	"negative"	"ingroup"	"positive"	0.714676429306008
"7"	"positive"	"ingroup"	"positive"	0.366480992681234
"7"	"negative"	"ingroup"	"negative"	0.476811771564091
"7"	"negative"	"ingroup"	"negative"	0.490836553471708
"7"	"negative"	"ingroup"	"negative"	0.669809032547268
"7"	"positive"	"ingroup"	"negative"	0.862388820194302
"7"	"positive"	"ingroup"	"positive"	0.379638502936466
"7"	"negative"	"ingroup"	"positive"	0.415624016468239
"7"	"negative"	"ingroup"	"negative"	0.621555975859675
"7"	"positive"	"ingroup"	"positive"	0.567962558707218
"7"	"positive"	"ingroup"	"positive"	0.345375399978962
"7"	"negative"	"outgroup"	"positive"	0.671366332227638
"7"	"negative"	"ingroup"	"negative"	0.323452347112607
"7"	"positive"	"outgroup"	"positive"	0.628248000183472
"7"	"positive"	"ingroup"	"positive"	0.763044737162544
"7"	"negative"	"outgroup"	"positive"	1.20590088967199
"7"	"positive"	"ingroup"	"positive"	0.256629564756133
"7"	"positive"	"outgroup"	"negative"	0.742921256648422
"7"	"negative"	"ingroup"	"negative"	0.315819929083058
"7"	"positive"	"ingroup"	"negative"	0.602035795414167
"7"	"positive"	"ingroup"	"positive"	0.756132119375639
"7"	"negative"	"outgroup"	"negative"	0.553862244396803
"7"	"positive"	"ingroup"	"positive"	0.473020414663311
"7"	"positive"	"ingroup"	"positive"	0.63560404463554
"7"	"positive"	"outgroup"	"positive"	0.431535047178651
"7"	"negative"	"outgroup"	"positive"	0.345649573339925
"7"	"positive"	"ingroup"	"positive"	0.349378202944985
"7"	"negative"	"ingroup"	"positive"	0.818201898158443
"7"	"negative"	"outgroup"	"negative"	0.289742532213602
"7"	"positive"	"ingroup"	"negative"	0.282158263454649
"7"	"negative"	"ingroup"	"negative"	0.324726393888875
"7"	"negative"	"outgroup"	"positive"	0.966094754703265
"7"	"negative"	"outgroup"	"negative"	0.301458194333717
"7"	"negative"	"outgroup"	"negative"	0.700320752150111
"7"	"positive"	"outgroup"	"positive"	0.476501741403867
"7"	"negative"	"ingroup"	"negative"	0.490174893042228
"7"	"positive"	"outgroup"	"negative"	0.586684620383216
"7"	"negative"	"outgroup"	"negative"	0.316897742078501
"7"	"positive"	"ingroup"	"positive"	0.453669306483264
"7"	"negative"	"outgroup"	"negative"	0.343654405874892
"7"	"positive"	"outgroup"	"negative"	0.359322670393895
"7"	"positive"	"ingroup"	"positive"	0.751648556108251
"7"	"positive"	"ingroup"	"positive"	0.435642823712818
"7"	"negative"	"ingroup"	"positive"	0.264932901071199
"7"	"negative"	"ingroup"	"negative"	0.295925699785855
"7"	"negative"	"ingroup"	"negative"	0.792277779515535
"7"	"positive"	"ingroup"	"positive"	0.573497474137606
"7"	"positive"	"outgroup"	"positive"	0.285090300227907
"7"	"positive"	"outgroup"	"negative"	0.423180641314854
"7"	"positive"	"outgroup"	"negative"	0.574607492880879
"7"	"positive"	"outgroup"	"negative"	0.481730316772099
"7"	"positive"	"ingroup"	"positive"	0.552132573013469
"7"	"positive"	"outgroup"	"positive"	1.14993670801392
"7"	"positive"	"outgroup"	"positive"	0.522798099262385
"7"	"negative"	"outgroup"	"negative"	0.39296480942409
"7"	"positive"	"ingroup"	"positive"	0.432095487043277
"7"	"positive"	"ingroup"	"negative"	0.352443697289594
"7"	"negative"	"outgroup"	"positive"	0.569011895937778
"7"	"negative"	"outgroup"	"positive"	0.504582640323593
"7"	"negative"	"ingroup"	"negative"	0.786065700255671
"7"	"negative"	"ingroup"	"negative"	0.30838709301062
"7"	"negative"	"outgroup"	"negative"	0.419282506589077
"7"	"negative"	"outgroup"	"negative"	0.729210087412288
"7"	"positive"	"outgroup"	"positive"	0.321469686617689
"7"	"negative"	"ingroup"	"positive"	0.542288914903581
"7"	"negative"	"outgroup"	"positive"	0.45440153248506
"7"	"positive"	"ingroup"	"positive"	0.338134125857177
"7"	"negative"	"ingroup"	"positive"	0.570300059821029
"7"	"negative"	"ingroup"	"positive"	0.517307964122905
"7"	"positive"	"outgroup"	"positive"	0.76770891631163
"7"	"positive"	"ingroup"	"positive"	0.270961757093487
"7"	"positive"	"outgroup"	"negative"	0.528091943304317
"7"	"negative"	"outgroup"	"negative"	0.470700055786518
"7"	"negative"	"outgroup"	"negative"	0.706419062770777
"7"	"positive"	"ingroup"	"positive"	1.20340838941322
"7"	"negative"	"outgroup"	"negative"	0.52778710026036
"7"	"positive"	"outgroup"	"positive"	0.559902187262557
"7"	"negative"	"outgroup"	"positive"	0.263532345589819
"7"	"negative"	"ingroup"	"positive"	0.331326338911798
"7"	"positive"	"ingroup"	"positive"	0.290487526563369
"7"	"negative"	"outgroup"	"negative"	0.635156497459734
"7"	"negative"	"ingroup"	"negative"	0.355166575960307
"7"	"negative"	"ingroup"	"negative"	0.723266698511329
"7"	"positive"	"ingroup"	"positive"	0.309099793850515
"7"	"positive"	"outgroup"	"positive"	0.694871523408699
"7"	"positive"	"ingroup"	"positive"	0.407228841171662
"7"	"negative"	"outgroup"	"negative"	0.314343861220395
"7"	"positive"	"outgroup"	"positive"	0.598313767298063
"7"	"negative"	"ingroup"	"positive"	1.1233174767264
"7"	"negative"	"ingroup"	"negative"	0.46343576328541
"7"	"negative"	"ingroup"	"negative"	0.297428640547887
"7"	"positive"	"ingroup"	"positive"	0.32359324683805
"7"	"positive"	"outgroup"	"positive"	0.857921892618961
"7"	"negative"	"ingroup"	"positive"	0.346411073715876
"7"	"negative"	"outgroup"	"positive"	0.594202413137485
"7"	"negative"	"ingroup"	"positive"	0.575229932086518
"7"	"negative"	"outgroup"	"negative"	0.396604670861797
"7"	"positive"	"outgroup"	"positive"	0.501340358321454
"7"	"positive"	"outgroup"	"positive"	0.673539280577124
"7"	"negative"	"outgroup"	"negative"	0.42594282736049
"7"	"positive"	"ingroup"	"positive"	0.5071763611447
"7"	"positive"	"outgroup"	"positive"	0.703565454006122
"7"	"negative"	"ingroup"	"positive"	0.400338190657473
"7"	"negative"	"ingroup"	"negative"	0.349545420082825
"7"	"negative"	"outgroup"	"negative"	0.466864011478526
"7"	"negative"	"outgroup"	"negative"	0.307914960389974
"7"	"negative"	"ingroup"	"negative"	0.5004736612157
"7"	"positive"	"ingroup"	"negative"	0.634305880910228
"7"	"negative"	"ingroup"	"positive"	0.29983452943641
"7"	"positive"	"outgroup"	"positive"	0.693244077015549
"7"	"negative"	"outgroup"	"negative"	0.518511957672865
"7"	"positive"	"ingroup"	"positive"	0.495347535461918
"7"	"negative"	"ingroup"	"negative"	0.300529093185291
"7"	"negative"	"ingroup"	"negative"	0.456519123793339
"7"	"positive"	"ingroup"	"positive"	1.08883596563019
"7"	"positive"	"outgroup"	"positive"	0.555340999025939
"7"	"negative"	"outgroup"	"negative"	0.269206086115619
"7"	"positive"	"ingroup"	"positive"	0.900776018243242
"7"	"positive"	"outgroup"	"positive"	0.268117687537662
"7"	"negative"	"ingroup"	"negative"	0.458277706813861
"7"	"positive"	"ingroup"	"positive"	0.342215717342869
"7"	"positive"	"outgroup"	"positive"	0.247476308522679
"7"	"positive"	"ingroup"	"positive"	0.315968020121224
"7"	"positive"	"outgroup"	"positive"	1.0324666348891
"7"	"positive"	"ingroup"	"negative"	1.46960204039195
"7"	"negative"	"outgroup"	"negative"	0.402062978356125
"7"	"positive"	"outgroup"	"positive"	0.978468095093367
"7"	"negative"	"ingroup"	"negative"	0.796981752535734
"7"	"positive"	"ingroup"	"negative"	0.536668359906187
"7"	"negative"	"ingroup"	"negative"	0.256895503702891
"7"	"negative"	"ingroup"	"negative"	0.286442580925128
"7"	"negative"	"outgroup"	"positive"	0.334821098874016
"7"	"negative"	"ingroup"	"negative"	0.732564157731497
"7"	"negative"	"outgroup"	"negative"	0.285707343895433
"7"	"negative"	"ingroup"	"negative"	0.334482318653066
"7"	"positive"	"ingroup"	"positive"	0.786017449521346
"7"	"positive"	"ingroup"	"positive"	0.711283337417031
"7"	"positive"	"outgroup"	"positive"	0.866684300044612
"7"	"negative"	"ingroup"	"negative"	0.717189398932329
"7"	"negative"	"ingroup"	"positive"	0.769646920012785
"7"	"positive"	"outgroup"	"positive"	0.499113228930831
"7"	"negative"	"outgroup"	"negative"	0.413753821291184
"7"	"negative"	"ingroup"	"positive"	0.666416053023574
"7"	"positive"	"ingroup"	"positive"	0.248224258786509
"7"	"positive"	"ingroup"	"positive"	0.266601353926086
"7"	"positive"	"outgroup"	"negative"	0.273176938674406
"7"	"negative"	"outgroup"	"positive"	0.535472725078176
"7"	"positive"	"outgroup"	"positive"	0.545086433522044
"7"	"positive"	"outgroup"	"positive"	0.399295300007276
"7"	"negative"	"ingroup"	"negative"	0.531550827415627
"7"	"positive"	"outgroup"	"positive"	0.280999417422805
"7"	"positive"	"ingroup"	"positive"	0.452023491816015
"7"	"negative"	"outgroup"	"negative"	0.690625186735485
"7"	"negative"	"ingroup"	"positive"	0.721351880943453
"7"	"negative"	"ingroup"	"negative"	0.311373915303102
"7"	"negative"	"outgroup"	"negative"	0.454996008347594
"7"	"negative"	"outgroup"	"negative"	0.32266833024928
"7"	"positive"	"ingroup"	"positive"	0.311914967112196
"7"	"negative"	"outgroup"	"negative"	0.47088536632028
"7"	"positive"	"outgroup"	"positive"	0.344652108678565
"7"	"positive"	"outgroup"	"positive"	0.363879043251354
"7"	"negative"	"ingroup"	"negative"	0.316736796399203
"7"	"positive"	"outgroup"	"positive"	0.375679915818915
"7"	"negative"	"outgroup"	"negative"	0.513389477697955
"7"	"positive"	"ingroup"	"positive"	0.589198496826884
"7"	"positive"	"outgroup"	"positive"	0.475293094537984
"7"	"positive"	"outgroup"	"negative"	0.363876466726609
"7"	"positive"	"outgroup"	"negative"	0.714531315212516
"7"	"positive"	"outgroup"	"positive"	0.458678861345267
"7"	"negative"	"outgroup"	"negative"	0.366130429869781
"7"	"negative"	"ingroup"	"negative"	0.367544873234919
"7"	"negative"	"outgroup"	"negative"	0.296782721475953
"7"	"positive"	"outgroup"	"negative"	0.794833372641153
"7"	"positive"	"outgroup"	"negative"	0.601018793047836
"7"	"positive"	"outgroup"	"positive"	0.369629436649535
"7"	"positive"	"ingroup"	"negative"	0.339828307415859
"7"	"negative"	"ingroup"	"negative"	1.28266285835854
"7"	"negative"	"ingroup"	"positive"	0.338113258031803
"7"	"negative"	"ingroup"	"negative"	0.329761455185745
"7"	"positive"	"ingroup"	"positive"	0.730853021697455
"7"	"positive"	"ingroup"	"negative"	0.670798231757002
"7"	"positive"	"ingroup"	"positive"	0.365232575590591
"7"	"positive"	"outgroup"	"positive"	0.435340913683223
"7"	"positive"	"ingroup"	"positive"	0.624315228832835
"7"	"positive"	"outgroup"	"positive"	0.76867785896911
"7"	"negative"	"outgroup"	"negative"	0.419655953725474
"7"	"negative"	"ingroup"	"positive"	1.14980024155199
"7"	"positive"	"outgroup"	"negative"	0.625787050205911
"7"	"negative"	"ingroup"	"negative"	0.317596023530977
"7"	"positive"	"outgroup"	"positive"	1.00597002642494
"7"	"negative"	"ingroup"	"positive"	0.676921347061997
"7"	"negative"	"outgroup"	"negative"	0.410751092089339
"7"	"negative"	"ingroup"	"negative"	0.416811736614993
"7"	"negative"	"outgroup"	"negative"	0.27950291343526
"7"	"positive"	"outgroup"	"positive"	1.03346956001891
"7"	"negative"	"ingroup"	"negative"	0.485074972320759
"7"	"positive"	"outgroup"	"positive"	0.945448071433959
"7"	"positive"	"outgroup"	"negative"	0.290249986464403
"7"	"negative"	"ingroup"	"negative"	0.258037562643293
"7"	"positive"	"ingroup"	"positive"	1.09073845068125
"7"	"positive"	"outgroup"	"positive"	0.576752132923722
"7"	"negative"	"ingroup"	"positive"	0.593364311318388
"7"	"negative"	"ingroup"	"negative"	0.276576789498239
"7"	"negative"	"ingroup"	"negative"	0.305415493138649
"7"	"positive"	"ingroup"	"negative"	0.487011534195753
"7"	"negative"	"outgroup"	"negative"	0.303500734656849
"7"	"positive"	"ingroup"	"negative"	0.404228404473046
"7"	"positive"	"ingroup"	"positive"	0.266922601452919
"7"	"positive"	"ingroup"	"negative"	0.320083329888249
"7"	"positive"	"outgroup"	"negative"	0.887790137391822
"7"	"negative"	"outgroup"	"negative"	0.420986238115969
"7"	"positive"	"outgroup"	"positive"	0.529074872261732
"7"	"positive"	"ingroup"	"positive"	0.515060845459704
"7"	"positive"	"outgroup"	"positive"	0.95215776792134
"7"	"negative"	"ingroup"	"negative"	0.586715504017254
"7"	"positive"	"outgroup"	"positive"	0.290836166145373
"7"	"negative"	"outgroup"	"negative"	1.00646593292732
"7"	"positive"	"outgroup"	"positive"	0.36352761233045
"7"	"positive"	"ingroup"	"positive"	0.558569710936376
"7"	"negative"	"outgroup"	"negative"	0.579369852999052
"7"	"negative"	"outgroup"	"negative"	0.289227595568989
"7"	"positive"	"ingroup"	"positive"	0.40101855876709
"7"	"positive"	"ingroup"	"positive"	0.438450659274087
"7"	"positive"	"ingroup"	"positive"	0.405732019650889
"7"	"negative"	"outgroup"	"negative"	0.574132259482018
"7"	"negative"	"ingroup"	"negative"	0.87057585602228
"7"	"positive"	"outgroup"	"positive"	0.655326043116873
"7"	"negative"	"outgroup"	"negative"	0.365236481290767
"7"	"positive"	"ingroup"	"negative"	0.262670546462019
"7"	"positive"	"ingroup"	"negative"	1.07140509879487
"7"	"positive"	"outgroup"	"negative"	0.334594115087071
"7"	"positive"	"outgroup"	"positive"	0.30116911274023
"7"	"positive"	"ingroup"	"positive"	0.863527368582118
"7"	"negative"	"outgroup"	"positive"	0.56828778334391
"7"	"positive"	"outgroup"	"negative"	0.747143010990451
"7"	"negative"	"outgroup"	"positive"	0.713575654472442
"7"	"positive"	"outgroup"	"positive"	0.410930359167334
"7"	"negative"	"outgroup"	"negative"	0.256879112892051
"7"	"positive"	"outgroup"	"positive"	0.303291781861516
"7"	"positive"	"outgroup"	"positive"	0.578202741442282
"7"	"positive"	"ingroup"	"positive"	1.14608205483271
"7"	"positive"	"ingroup"	"positive"	0.305514525112562
"7"	"negative"	"outgroup"	"negative"	0.395368199843487
"7"	"negative"	"ingroup"	"negative"	0.337651855027527
"7"	"negative"	"ingroup"	"positive"	1.15461572618755
"7"	"positive"	"ingroup"	"negative"	0.67481744365453
"7"	"negative"	"outgroup"	"negative"	0.60247491570697
"7"	"negative"	"ingroup"	"negative"	0.48288932169533
"7"	"negative"	"ingroup"	"positive"	0.311630188468863
"7"	"negative"	"outgroup"	"negative"	0.32543661505804
"7"	"positive"	"ingroup"	"negative"	0.347500303664499
"7"	"positive"	"outgroup"	"positive"	0.48627983682543
"7"	"negative"	"ingroup"	"positive"	0.425885829161646
"7"	"positive"	"outgroup"	"positive"	0.364976002128116
"7"	"positive"	"outgroup"	"positive"	0.658338219519624
"7"	"negative"	"outgroup"	"negative"	0.481067262175264
"7"	"negative"	"outgroup"	"positive"	0.479306745883431
"7"	"negative"	"ingroup"	"negative"	0.685134575445288
"7"	"negative"	"outgroup"	"negative"	0.362850153738435
"7"	"positive"	"outgroup"	"positive"	0.577219483460912
"7"	"positive"	"outgroup"	"negative"	0.577326943359866
"7"	"negative"	"outgroup"	"negative"	0.356379499340532
"7"	"negative"	"outgroup"	"negative"	0.625240092290556
"7"	"negative"	"outgroup"	"negative"	0.259427734448245
"7"	"positive"	"outgroup"	"positive"	1.5748125812001
"7"	"negative"	"ingroup"	"negative"	0.407172769883662
"7"	"positive"	"ingroup"	"positive"	0.422165443949847
"7"	"negative"	"outgroup"	"negative"	0.503779203786221
"7"	"negative"	"ingroup"	"negative"	0.335567559855292
"7"	"negative"	"ingroup"	"negative"	0.341125157388501
"7"	"negative"	"outgroup"	"positive"	0.5238972852983
"7"	"negative"	"outgroup"	"positive"	0.368706994985946
"7"	"positive"	"ingroup"	"negative"	0.393178950695135
"7"	"negative"	"ingroup"	"negative"	0.452161237369739
"7"	"negative"	"outgroup"	"negative"	0.285153441385259
"7"	"positive"	"outgroup"	"positive"	0.306850438832233
"7"	"negative"	"ingroup"	"negative"	0.372314893396914
"7"	"positive"	"outgroup"	"positive"	0.384531297722543
"7"	"negative"	"outgroup"	"positive"	0.590881998123165
"7"	"negative"	"ingroup"	"negative"	0.394854963594905
"7"	"positive"	"outgroup"	"positive"	0.383894195912947
"7"	"positive"	"ingroup"	"negative"	0.747763357364043
"7"	"negative"	"ingroup"	"negative"	0.949250311735271
"7"	"negative"	"outgroup"	"negative"	0.681736392227148
"7"	"negative"	"outgroup"	"positive"	0.780031368468901
"7"	"positive"	"ingroup"	"positive"	0.486701194677496
"7"	"positive"	"ingroup"	"positive"	0.305277482743629
"7"	"positive"	"outgroup"	"positive"	0.483716551539223
"7"	"negative"	"ingroup"	"positive"	0.450250770801362
"7"	"negative"	"outgroup"	"negative"	0.302948227728788
"7"	"negative"	"ingroup"	"negative"	1.32013489420522
"7"	"positive"	"outgroup"	"positive"	0.42090073093753
"7"	"negative"	"outgroup"	"negative"	0.997807534536363
"7"	"positive"	"ingroup"	"positive"	0.365830135817015
"7"	"positive"	"ingroup"	"positive"	0.865732543249639
"7"	"negative"	"outgroup"	"positive"	0.425149691356637
"7"	"positive"	"outgroup"	"positive"	0.4200699277675
"7"	"negative"	"ingroup"	"negative"	0.523755873727259
"7"	"positive"	"ingroup"	"positive"	0.326699895607526
"7"	"positive"	"outgroup"	"negative"	0.341369109096145
"7"	"negative"	"ingroup"	"negative"	1.08848461910033
"7"	"positive"	"outgroup"	"positive"	0.53037754805697
"7"	"negative"	"ingroup"	"negative"	0.641111126758153
"7"	"negative"	"outgroup"	"negative"	0.328703668822839
"7"	"positive"	"outgroup"	"negative"	0.689990481047741
"7"	"positive"	"ingroup"	"positive"	0.812349975404924
"7"	"positive"	"ingroup"	"positive"	0.904596318191294
"7"	"negative"	"outgroup"	"negative"	0.299072791094338
"7"	"positive"	"outgroup"	"positive"	1.54870311893958
"7"	"negative"	"outgroup"	"positive"	0.490335282193469
"7"	"negative"	"outgroup"	"negative"	0.884287597279651
"7"	"positive"	"outgroup"	"positive"	0.780022686790826
"7"	"positive"	"ingroup"	"positive"	0.476466035703423
"7"	"negative"	"ingroup"	"positive"	0.420662762097652
"7"	"negative"	"outgroup"	"negative"	0.949972997041474
"7"	"negative"	"outgroup"	"positive"	1.30997277487204
"7"	"negative"	"ingroup"	"negative"	0.282952836270846
"7"	"positive"	"outgroup"	"positive"	0.538410811748272
"7"	"positive"	"ingroup"	"negative"	0.517558905779202
"7"	"positive"	"outgroup"	"positive"	0.295870142803876
"7"	"positive"	"ingroup"	"positive"	0.293034649320991
"7"	"negative"	"outgroup"	"positive"	0.33444307467984
"7"	"positive"	"outgroup"	"positive"	0.516046558240142
"7"	"negative"	"outgroup"	"positive"	0.54101319568672
"7"	"negative"	"ingroup"	"negative"	0.804379371339317
"7"	"positive"	"ingroup"	"negative"	0.357527838977197
"7"	"positive"	"outgroup"	"positive"	0.565882392380759
"7"	"positive"	"outgroup"	"positive"	0.29738112645478
"7"	"positive"	"ingroup"	"positive"	0.951417704571978
"7"	"negative"	"outgroup"	"negative"	0.491328978209033
"7"	"negative"	"outgroup"	"negative"	0.720230199294933
"7"	"negative"	"outgroup"	"negative"	0.284751257836295
"7"	"positive"	"outgroup"	"negative"	0.460627585382565
"7"	"negative"	"ingroup"	"negative"	0.520887149334829
"7"	"positive"	"outgroup"	"positive"	1.23390528071872
"7"	"positive"	"outgroup"	"negative"	1.88432604502702
"7"	"negative"	"outgroup"	"negative"	0.625240770304738
"7"	"negative"	"ingroup"	"positive"	0.31940104551693
"7"	"positive"	"ingroup"	"positive"	0.592396535091217
"7"	"positive"	"ingroup"	"negative"	0.34050934783459
"7"	"negative"	"ingroup"	"positive"	0.524283287124226
"7"	"negative"	"outgroup"	"negative"	0.385610310570861
"7"	"positive"	"ingroup"	"negative"	0.286175622518902
"7"	"negative"	"outgroup"	"negative"	0.91097309545454
"7"	"negative"	"outgroup"	"negative"	0.33951891740464
"7"	"positive"	"ingroup"	"negative"	0.346965842337827
"7"	"positive"	"ingroup"	"negative"	0.486094711125763
"7"	"negative"	"ingroup"	"positive"	0.868544717217314
"7"	"negative"	"ingroup"	"negative"	0.267762774323597
"7"	"negative"	"ingroup"	"negative"	0.415372392354394
"7"	"positive"	"outgroup"	"positive"	0.373510353066782
"7"	"positive"	"ingroup"	"positive"	0.481492901732102
"7"	"negative"	"outgroup"	"negative"	0.260544315273602
"8"	"positive"	"outgroup"	"negative"	0.592504868958383
"8"	"positive"	"ingroup"	"positive"	0.396021568550565
"8"	"negative"	"outgroup"	"positive"	0.385006269033097
"8"	"positive"	"outgroup"	"positive"	0.603598427138539
"8"	"negative"	"ingroup"	"negative"	0.565935625241767
"8"	"negative"	"ingroup"	"positive"	0.474673012147449
"8"	"positive"	"ingroup"	"negative"	0.818437169218676
"8"	"negative"	"ingroup"	"positive"	0.496691758383064
"8"	"negative"	"outgroup"	"negative"	0.461299213360933
"8"	"positive"	"outgroup"	"positive"	0.526547206355863
"8"	"negative"	"outgroup"	"negative"	0.459010437780787
"8"	"negative"	"outgroup"	"positive"	0.454381268466478
"8"	"positive"	"outgroup"	"positive"	0.534421607207333
"8"	"positive"	"ingroup"	"negative"	0.453891866967386
"8"	"positive"	"outgroup"	"negative"	0.848366698288447
"8"	"positive"	"ingroup"	"positive"	0.985990702413392
"8"	"negative"	"outgroup"	"negative"	0.415545839785275
"8"	"positive"	"ingroup"	"positive"	0.588664987044609
"8"	"positive"	"ingroup"	"positive"	0.501675742752793
"8"	"negative"	"ingroup"	"negative"	0.495149384686833
"8"	"positive"	"ingroup"	"positive"	0.451150784575966
"8"	"negative"	"outgroup"	"positive"	0.744382965622368
"8"	"negative"	"ingroup"	"positive"	0.549877320545669
"8"	"negative"	"outgroup"	"negative"	0.436995760841995
"8"	"positive"	"ingroup"	"positive"	0.611451860908583
"8"	"negative"	"outgroup"	"negative"	0.462564110905882
"8"	"negative"	"outgroup"	"negative"	0.543591714333416
"8"	"positive"	"ingroup"	"positive"	0.87856623092141
"8"	"positive"	"ingroup"	"positive"	1.0536213470841
"8"	"negative"	"ingroup"	"negative"	0.465508736734151
"8"	"negative"	"ingroup"	"negative"	0.518194299174977
"8"	"negative"	"outgroup"	"negative"	0.418136840763702
"8"	"negative"	"outgroup"	"positive"	0.507274508514106
"8"	"positive"	"ingroup"	"positive"	0.50443507925154
"8"	"positive"	"ingroup"	"negative"	0.35831443736192
"8"	"negative"	"ingroup"	"negative"	0.820921622307541
"8"	"positive"	"outgroup"	"positive"	0.49063547359464
"8"	"positive"	"ingroup"	"negative"	0.436011200777906
"8"	"negative"	"outgroup"	"negative"	0.352764432606235
"8"	"positive"	"ingroup"	"positive"	0.418227113868997
"8"	"negative"	"outgroup"	"negative"	0.507226297125939
"8"	"positive"	"ingroup"	"positive"	0.446121593825099
"8"	"positive"	"outgroup"	"positive"	0.414357020028532
"8"	"negative"	"outgroup"	"negative"	0.650041563699091
"8"	"negative"	"ingroup"	"positive"	0.447138338934093
"8"	"negative"	"outgroup"	"negative"	0.418556448173747
"8"	"positive"	"ingroup"	"negative"	0.404505315251274
"8"	"positive"	"outgroup"	"positive"	0.436416915349535
"8"	"negative"	"ingroup"	"positive"	0.49759498825911
"8"	"negative"	"outgroup"	"positive"	0.812135351068487
"8"	"negative"	"ingroup"	"negative"	0.463640986430448
"8"	"negative"	"outgroup"	"positive"	0.383244716756676
"8"	"positive"	"outgroup"	"positive"	0.658918341924818
"8"	"negative"	"ingroup"	"negative"	0.396857434907238
"8"	"positive"	"outgroup"	"positive"	0.403365061338394
"8"	"negative"	"ingroup"	"negative"	0.83046972812206
"8"	"negative"	"outgroup"	"negative"	0.425924747030409
"8"	"positive"	"outgroup"	"positive"	0.387700139463557
"8"	"positive"	"ingroup"	"negative"	0.482657293682885
"8"	"positive"	"outgroup"	"positive"	0.509634025336937
"8"	"positive"	"ingroup"	"positive"	0.555870803023615
"8"	"positive"	"outgroup"	"negative"	0.567267977090082
"8"	"negative"	"outgroup"	"negative"	0.761000370754988
"8"	"positive"	"outgroup"	"negative"	0.481384205788523
"8"	"negative"	"outgroup"	"negative"	0.986507353027922
"8"	"negative"	"ingroup"	"negative"	0.592070160621486
"8"	"positive"	"outgroup"	"negative"	0.546521439362677
"8"	"negative"	"outgroup"	"negative"	0.460136651478271
"8"	"negative"	"outgroup"	"positive"	0.45513405765521
"8"	"positive"	"ingroup"	"positive"	0.420563043499582
"8"	"negative"	"outgroup"	"negative"	0.386421385525837
"8"	"negative"	"outgroup"	"negative"	0.413612754712055
"8"	"positive"	"outgroup"	"positive"	0.538885413843454
"8"	"negative"	"ingroup"	"negative"	0.453150815161545
"8"	"negative"	"ingroup"	"negative"	0.434115055076098
"8"	"positive"	"ingroup"	"negative"	0.408857732077818
"8"	"negative"	"ingroup"	"negative"	0.54464878092431
"8"	"negative"	"ingroup"	"positive"	0.451409108914407
"8"	"negative"	"ingroup"	"negative"	0.36384692437875
"8"	"negative"	"outgroup"	"negative"	0.525627920590119
"8"	"negative"	"outgroup"	"negative"	0.444456905512759
"8"	"negative"	"outgroup"	"negative"	0.363058626067152
"8"	"positive"	"outgroup"	"positive"	0.734583225006021
"8"	"positive"	"outgroup"	"positive"	0.802357131546089
"8"	"positive"	"ingroup"	"negative"	0.799356514325609
"8"	"positive"	"outgroup"	"negative"	0.590384077104872
"8"	"positive"	"ingroup"	"positive"	0.496124388363228
"8"	"positive"	"ingroup"	"negative"	0.440687599553332
"8"	"positive"	"ingroup"	"positive"	0.632342708265874
"8"	"negative"	"outgroup"	"negative"	0.47996728532234
"8"	"positive"	"ingroup"	"negative"	0.495140848876642
"8"	"positive"	"ingroup"	"positive"	0.474782778747997
"8"	"positive"	"ingroup"	"positive"	0.416368959212189
"8"	"negative"	"outgroup"	"negative"	0.470226990879501
"8"	"positive"	"outgroup"	"positive"	0.514669039433811
"8"	"positive"	"outgroup"	"positive"	0.438971108118997
"8"	"positive"	"ingroup"	"positive"	0.80908296183887
"8"	"negative"	"outgroup"	"negative"	0.678052884368912
"8"	"positive"	"outgroup"	"positive"	0.649026828158956
"8"	"positive"	"outgroup"	"positive"	0.492415715731064
"8"	"negative"	"ingroup"	"negative"	0.458678667764349
"8"	"positive"	"ingroup"	"positive"	0.737652930309136
"8"	"positive"	"ingroup"	"positive"	0.442335026673372
"8"	"positive"	"ingroup"	"positive"	0.419844072632131
"8"	"negative"	"ingroup"	"positive"	0.401238833022035
"8"	"positive"	"outgroup"	"negative"	0.409811544769325
"8"	"negative"	"ingroup"	"negative"	0.567203553229967
"8"	"negative"	"outgroup"	"negative"	0.383055084635951
"8"	"positive"	"ingroup"	"positive"	0.59047068271116
"8"	"positive"	"ingroup"	"positive"	0.417463723133683
"8"	"negative"	"ingroup"	"negative"	0.723833146758562
"8"	"positive"	"ingroup"	"positive"	0.789060567969226
"8"	"negative"	"outgroup"	"negative"	0.400535611934265
"8"	"positive"	"outgroup"	"negative"	0.546903723700353
"8"	"negative"	"outgroup"	"negative"	0.415886351887805
"8"	"positive"	"ingroup"	"positive"	0.535249331894629
"8"	"negative"	"outgroup"	"positive"	0.412253849288799
"8"	"positive"	"ingroup"	"positive"	0.486587010843019
"8"	"negative"	"outgroup"	"negative"	0.50000412893268
"8"	"negative"	"outgroup"	"negative"	0.488819612174536
"8"	"negative"	"ingroup"	"positive"	1.02761605348284
"8"	"negative"	"ingroup"	"positive"	1.18463996579506
"8"	"positive"	"outgroup"	"positive"	0.619372424658215
"8"	"positive"	"ingroup"	"positive"	0.347748905593936
"8"	"negative"	"outgroup"	"negative"	0.709202155084607
"8"	"positive"	"ingroup"	"positive"	0.657861057115131
"8"	"positive"	"ingroup"	"positive"	0.687493566848329
"8"	"negative"	"ingroup"	"negative"	0.913498086999338
"8"	"positive"	"outgroup"	"negative"	0.364792828422097
"8"	"positive"	"ingroup"	"negative"	0.54371278157701
"8"	"negative"	"ingroup"	"negative"	0.448627577349236
"8"	"positive"	"ingroup"	"negative"	0.458639054850235
"8"	"negative"	"outgroup"	"negative"	0.441976550338432
"8"	"negative"	"ingroup"	"positive"	0.977935958553744
"8"	"negative"	"outgroup"	"positive"	0.902755800897777
"8"	"negative"	"ingroup"	"positive"	0.713347813709578
"8"	"positive"	"outgroup"	"positive"	0.536758594467493
"8"	"negative"	"ingroup"	"negative"	0.630005076034003
"8"	"negative"	"ingroup"	"positive"	0.456633901975628
"8"	"positive"	"outgroup"	"positive"	0.571365119800026
"8"	"negative"	"ingroup"	"positive"	0.508826360073419
"8"	"negative"	"outgroup"	"negative"	0.523523763598572
"8"	"negative"	"ingroup"	"negative"	0.420487100684467
"8"	"negative"	"ingroup"	"positive"	0.388562867981862
"8"	"negative"	"ingroup"	"negative"	0.762438828875409
"8"	"negative"	"ingroup"	"positive"	0.442665946332749
"8"	"negative"	"outgroup"	"positive"	0.932769352360967
"8"	"positive"	"outgroup"	"negative"	0.594740536794995
"8"	"negative"	"ingroup"	"positive"	0.528411646402104
"8"	"positive"	"outgroup"	"positive"	0.7161398106736
"8"	"negative"	"ingroup"	"negative"	0.662756438884812
"8"	"negative"	"ingroup"	"negative"	0.455182397090103
"8"	"negative"	"ingroup"	"negative"	0.465213391661839
"8"	"negative"	"outgroup"	"negative"	0.549283218064019
"8"	"negative"	"outgroup"	"negative"	0.586922156280598
"8"	"negative"	"ingroup"	"positive"	0.369521467586138
"8"	"positive"	"outgroup"	"positive"	0.674425713572917
"8"	"positive"	"outgroup"	"positive"	0.491993232312467
"8"	"negative"	"outgroup"	"negative"	0.670813938264617
"8"	"positive"	"ingroup"	"negative"	0.381620267351355
"8"	"negative"	"outgroup"	"negative"	0.470888655351175
"8"	"negative"	"outgroup"	"negative"	0.630493615057849
"8"	"negative"	"outgroup"	"positive"	0.587354667407769
"8"	"negative"	"outgroup"	"negative"	0.415322948094614
"8"	"positive"	"ingroup"	"negative"	0.40350644210093
"8"	"negative"	"outgroup"	"negative"	0.63987075502892
"8"	"negative"	"outgroup"	"positive"	0.550629351812856
"8"	"negative"	"outgroup"	"positive"	0.949936996941515
"8"	"positive"	"outgroup"	"positive"	0.348598654535623
"8"	"positive"	"outgroup"	"negative"	0.465965295525148
"8"	"negative"	"ingroup"	"negative"	0.454103178184381
"8"	"negative"	"outgroup"	"negative"	0.437100136957213
"8"	"positive"	"outgroup"	"positive"	0.508755335542647
"8"	"positive"	"ingroup"	"positive"	0.361792665721789
"8"	"positive"	"outgroup"	"positive"	0.762156621773199
"8"	"positive"	"outgroup"	"negative"	0.445561955148152
"8"	"negative"	"ingroup"	"positive"	0.376305522550348
"8"	"positive"	"outgroup"	"positive"	0.835540517211794
"8"	"positive"	"ingroup"	"positive"	0.537237389711206
"8"	"negative"	"ingroup"	"positive"	0.355245039045848
"8"	"negative"	"outgroup"	"negative"	0.452211937640055
"8"	"positive"	"ingroup"	"negative"	0.542128852887477
"8"	"positive"	"ingroup"	"positive"	0.700708101424573
"8"	"positive"	"outgroup"	"positive"	0.620841418377956
"8"	"positive"	"ingroup"	"positive"	0.450656464824696
"8"	"negative"	"ingroup"	"negative"	0.571884434642694
"8"	"negative"	"ingroup"	"negative"	1.17917079255652
"8"	"positive"	"ingroup"	"positive"	0.478305022513977
"8"	"positive"	"outgroup"	"negative"	0.698167444928767
"8"	"negative"	"outgroup"	"positive"	0.557682696187232
"8"	"negative"	"outgroup"	"negative"	0.486126690574583
"8"	"negative"	"ingroup"	"negative"	0.423156006156935
"8"	"negative"	"ingroup"	"negative"	0.56587212371343
"8"	"positive"	"ingroup"	"positive"	0.369358974472057
"8"	"negative"	"outgroup"	"negative"	0.440348694274669
"8"	"negative"	"ingroup"	"positive"	0.645556360021494
"8"	"positive"	"outgroup"	"negative"	0.623752014841615
"8"	"negative"	"outgroup"	"negative"	0.417388399046153
"8"	"negative"	"ingroup"	"negative"	0.634473811996733
"8"	"negative"	"ingroup"	"positive"	0.507727973268994
"8"	"negative"	"ingroup"	"negative"	0.466062519262283
"8"	"negative"	"ingroup"	"positive"	0.927642960474948
"8"	"negative"	"ingroup"	"negative"	1.00443829323219
"8"	"negative"	"outgroup"	"negative"	0.581185153729782
"8"	"positive"	"outgroup"	"negative"	0.366371621026717
"8"	"negative"	"outgroup"	"negative"	0.531538902817034
"8"	"negative"	"ingroup"	"negative"	0.630522421141242
"8"	"negative"	"outgroup"	"positive"	0.4759909284254
"8"	"negative"	"ingroup"	"positive"	0.837902000428178
"8"	"positive"	"ingroup"	"positive"	0.513499966103932
"8"	"negative"	"ingroup"	"negative"	0.709689075413
"8"	"positive"	"outgroup"	"negative"	0.499136050134209
"8"	"negative"	"outgroup"	"positive"	0.847159598319855
"8"	"positive"	"outgroup"	"positive"	0.465905214199559
"8"	"negative"	"outgroup"	"negative"	0.604625871461555
"8"	"negative"	"outgroup"	"positive"	0.423100992772973
"8"	"negative"	"outgroup"	"positive"	0.917388921471217
"8"	"positive"	"outgroup"	"positive"	0.698393641624943
"8"	"negative"	"ingroup"	"positive"	0.572475114806383
"8"	"negative"	"ingroup"	"negative"	0.50900645609647
"8"	"negative"	"ingroup"	"negative"	0.503928013801581
"8"	"negative"	"outgroup"	"positive"	0.537879428147572
"8"	"negative"	"ingroup"	"negative"	0.495456620488587
"8"	"negative"	"outgroup"	"negative"	0.693158350107768
"8"	"negative"	"outgroup"	"negative"	0.412330747080443
"8"	"negative"	"outgroup"	"negative"	0.56917770330066
"8"	"positive"	"ingroup"	"positive"	0.506522542724206
"8"	"negative"	"outgroup"	"negative"	0.519821288539809
"8"	"positive"	"ingroup"	"negative"	0.47516191729471
"8"	"negative"	"ingroup"	"negative"	0.425280238892474
"8"	"positive"	"ingroup"	"positive"	0.50940113310911
"8"	"negative"	"outgroup"	"negative"	0.55325776267651
"8"	"negative"	"outgroup"	"negative"	0.593672109927419
"8"	"negative"	"ingroup"	"positive"	0.381539477822683
"8"	"positive"	"ingroup"	"positive"	0.458208562103514
"8"	"negative"	"ingroup"	"negative"	0.441937691819887
"8"	"positive"	"outgroup"	"positive"	0.851878974941439
"8"	"negative"	"ingroup"	"positive"	0.584081400225539
"8"	"positive"	"ingroup"	"positive"	0.442438256340932
"8"	"positive"	"ingroup"	"negative"	0.598790042153605
"8"	"positive"	"ingroup"	"positive"	0.416997006831365
"8"	"positive"	"ingroup"	"positive"	0.435377139485654
"8"	"negative"	"ingroup"	"negative"	0.535302491459942
"8"	"negative"	"ingroup"	"negative"	0.553381029730977
"8"	"positive"	"outgroup"	"negative"	0.656666304918094
"8"	"positive"	"ingroup"	"negative"	0.370519595589919
"8"	"negative"	"ingroup"	"positive"	0.878275836717993
"8"	"positive"	"ingroup"	"negative"	0.829752881565634
"8"	"negative"	"ingroup"	"negative"	0.421312720917515
"8"	"positive"	"outgroup"	"positive"	0.462351199455003
"8"	"negative"	"ingroup"	"positive"	0.40362921913411
"8"	"negative"	"ingroup"	"positive"	0.474473941809174
"8"	"positive"	"ingroup"	"positive"	0.456399671009282
"8"	"negative"	"outgroup"	"negative"	0.728197427059901
"8"	"negative"	"ingroup"	"negative"	0.745813730230712
"8"	"positive"	"ingroup"	"negative"	0.554901936957112
"8"	"negative"	"ingroup"	"positive"	0.662085304554443
"8"	"positive"	"outgroup"	"negative"	0.352047835368202
"8"	"negative"	"outgroup"	"negative"	0.479688598940526
"8"	"negative"	"outgroup"	"positive"	0.420697483738498
"8"	"negative"	"outgroup"	"negative"	0.954932924608993
"8"	"negative"	"ingroup"	"positive"	0.54171184216098
"8"	"positive"	"ingroup"	"positive"	0.375294589060562
"8"	"positive"	"ingroup"	"negative"	0.539988672835116
"8"	"negative"	"outgroup"	"positive"	0.820524368732565
"8"	"negative"	"ingroup"	"positive"	0.395822237362808
"8"	"positive"	"ingroup"	"positive"	0.419344073309669
"8"	"positive"	"ingroup"	"positive"	0.909082656338773
"8"	"positive"	"ingroup"	"negative"	1.13395249567333
"8"	"positive"	"ingroup"	"positive"	1.41463780969792
"8"	"positive"	"outgroup"	"positive"	0.557033787655696
"8"	"negative"	"outgroup"	"negative"	0.413762410337772
"8"	"negative"	"ingroup"	"positive"	0.551496866095203
"8"	"negative"	"ingroup"	"negative"	0.524426793677983
"8"	"positive"	"outgroup"	"negative"	0.408510644740292
"8"	"positive"	"outgroup"	"positive"	0.40672082088667
"8"	"positive"	"ingroup"	"positive"	0.608334838568515
"8"	"negative"	"outgroup"	"positive"	0.519252210099956
"8"	"positive"	"outgroup"	"positive"	0.508358094620713
"8"	"positive"	"ingroup"	"positive"	0.429816396070131
"8"	"positive"	"ingroup"	"negative"	1.16799969651933
"8"	"positive"	"ingroup"	"positive"	0.431945543872758
"8"	"positive"	"outgroup"	"positive"	0.511555877730326
"8"	"positive"	"outgroup"	"negative"	0.472395960749941
"8"	"negative"	"ingroup"	"positive"	0.513471740484794
"8"	"positive"	"outgroup"	"positive"	0.373487942635395
"8"	"negative"	"outgroup"	"positive"	1.01731479746351
"8"	"negative"	"ingroup"	"negative"	0.916464967540121
"8"	"positive"	"outgroup"	"positive"	0.710369145023152
"8"	"negative"	"outgroup"	"negative"	0.513166366358668
"8"	"positive"	"outgroup"	"positive"	0.680844976446625
"8"	"negative"	"outgroup"	"positive"	0.559957444585515
"8"	"positive"	"outgroup"	"negative"	0.408618105688287
"8"	"positive"	"ingroup"	"negative"	0.431230196618508
"8"	"negative"	"ingroup"	"negative"	0.589128433291901
"8"	"positive"	"outgroup"	"positive"	0.543353468071732
"8"	"positive"	"outgroup"	"negative"	0.440418591811771
"8"	"positive"	"outgroup"	"negative"	0.792780504673845
"8"	"positive"	"outgroup"	"negative"	0.378964585569298
"8"	"positive"	"outgroup"	"positive"	0.377974828007214
"8"	"negative"	"outgroup"	"negative"	0.720292858723894
"8"	"positive"	"outgroup"	"negative"	0.768498742831127
"8"	"positive"	"ingroup"	"positive"	0.425450849323112
"8"	"positive"	"ingroup"	"negative"	0.719946235997561
"8"	"negative"	"outgroup"	"negative"	0.462617587411764
"8"	"positive"	"outgroup"	"positive"	0.647744940847375
"8"	"positive"	"ingroup"	"negative"	0.361898839199165
"8"	"positive"	"outgroup"	"positive"	0.684411091369587
"8"	"positive"	"outgroup"	"positive"	0.5597054167702
"8"	"negative"	"outgroup"	"negative"	0.746356632466887
"8"	"negative"	"outgroup"	"negative"	0.531262525926335
"8"	"negative"	"outgroup"	"negative"	0.408262222153886
"8"	"negative"	"ingroup"	"positive"	0.938890233790868
"8"	"positive"	"ingroup"	"positive"	0.487599632385232
"8"	"positive"	"outgroup"	"negative"	1.15503535255206
"8"	"negative"	"ingroup"	"positive"	0.392229468196864
"8"	"positive"	"ingroup"	"negative"	0.978192848876414
"8"	"positive"	"outgroup"	"negative"	0.659416214022746
"8"	"positive"	"outgroup"	"negative"	0.4241223472417
"8"	"positive"	"ingroup"	"positive"	0.406137977434997
"8"	"positive"	"ingroup"	"positive"	1.29910725713422
"8"	"negative"	"outgroup"	"negative"	0.358829535669596
"8"	"negative"	"outgroup"	"positive"	0.617788444994731
"8"	"positive"	"ingroup"	"positive"	1.00072486961636
"8"	"positive"	"outgroup"	"positive"	1.29786359707933
"8"	"negative"	"ingroup"	"positive"	0.708262755067711
"8"	"positive"	"ingroup"	"negative"	0.365547553695896
"8"	"positive"	"outgroup"	"negative"	0.609289702259611
"8"	"positive"	"outgroup"	"positive"	0.516968410793241
"8"	"negative"	"outgroup"	"positive"	0.455941377798462
"8"	"positive"	"outgroup"	"positive"	0.479848523854917
"8"	"positive"	"outgroup"	"positive"	0.387523985096956
"8"	"negative"	"ingroup"	"positive"	0.790459052053329
"8"	"positive"	"outgroup"	"negative"	0.734990440027978
"8"	"negative"	"outgroup"	"negative"	1.12120340858344
"8"	"positive"	"ingroup"	"positive"	1.1537588907901
"8"	"negative"	"ingroup"	"positive"	0.46487369119153
"8"	"negative"	"outgroup"	"negative"	0.612304875014703
"8"	"negative"	"outgroup"	"negative"	0.585450375096868
"8"	"negative"	"ingroup"	"negative"	0.688119937015198
"8"	"negative"	"outgroup"	"positive"	0.47376307625059
"8"	"negative"	"outgroup"	"negative"	0.69794979985723
"8"	"positive"	"outgroup"	"positive"	0.709674481106519
"8"	"positive"	"outgroup"	"positive"	0.69469297605605
"8"	"positive"	"outgroup"	"positive"	0.921725643205913
"8"	"negative"	"ingroup"	"negative"	0.655311718695682
"8"	"positive"	"ingroup"	"negative"	0.589423784102115
"8"	"positive"	"ingroup"	"positive"	0.497711012200119
"8"	"positive"	"outgroup"	"positive"	1.16080239402577
"8"	"negative"	"outgroup"	"negative"	0.517467937767212
"8"	"positive"	"ingroup"	"positive"	0.457026899001919
"8"	"negative"	"ingroup"	"negative"	0.596672681524483
"8"	"negative"	"outgroup"	"positive"	0.499316209453991
"8"	"positive"	"ingroup"	"positive"	0.808785703916248
"8"	"positive"	"outgroup"	"negative"	0.449626976670048
"8"	"positive"	"ingroup"	"negative"	1.36654663840207
"8"	"negative"	"outgroup"	"negative"	0.363573741879066
"8"	"positive"	"ingroup"	"positive"	0.415037718423167
"8"	"negative"	"outgroup"	"negative"	0.382807284397338
"8"	"positive"	"ingroup"	"positive"	0.849282214701545
"8"	"positive"	"outgroup"	"negative"	0.418711052625464
"8"	"negative"	"ingroup"	"positive"	1.10353014378942
"8"	"negative"	"ingroup"	"positive"	0.38180610918247
"8"	"negative"	"ingroup"	"negative"	0.406210379182081
"8"	"positive"	"ingroup"	"positive"	1.26644525420569
"8"	"positive"	"outgroup"	"positive"	0.525184102502591
"8"	"positive"	"ingroup"	"positive"	0.953304121359955
"8"	"negative"	"ingroup"	"negative"	0.550860099954371
"8"	"positive"	"outgroup"	"negative"	0.735877647030448
"8"	"positive"	"outgroup"	"positive"	0.715626989537331
"8"	"negative"	"outgroup"	"negative"	0.747384617434992
"8"	"positive"	"outgroup"	"negative"	0.847504758395399
"8"	"negative"	"outgroup"	"negative"	0.413545095223673
"8"	"positive"	"ingroup"	"positive"	0.393642062806069
"8"	"negative"	"ingroup"	"positive"	0.578584471932722
"8"	"negative"	"ingroup"	"negative"	0.496795942733848
"8"	"positive"	"outgroup"	"positive"	0.543260262607811
"8"	"positive"	"outgroup"	"positive"	0.685698268026876
"8"	"positive"	"outgroup"	"negative"	0.702126907289355
"8"	"negative"	"ingroup"	"negative"	0.493030420316167
"8"	"negative"	"outgroup"	"positive"	0.521775802726801
"8"	"negative"	"ingroup"	"positive"	0.743185419601372
"8"	"positive"	"outgroup"	"negative"	0.356885266745586
"8"	"positive"	"ingroup"	"positive"	0.577322522240395
"8"	"positive"	"ingroup"	"positive"	0.573354159308477
"8"	"positive"	"outgroup"	"positive"	0.703302620448895
"8"	"negative"	"ingroup"	"negative"	0.474961027990899
"8"	"negative"	"ingroup"	"positive"	0.49476111283418
"8"	"negative"	"ingroup"	"positive"	0.726687115899625
"8"	"positive"	"ingroup"	"negative"	0.616246097661873
"8"	"positive"	"outgroup"	"positive"	0.897311284962164
"8"	"positive"	"ingroup"	"negative"	0.859387446976412
"8"	"negative"	"outgroup"	"negative"	0.567749317465378
"8"	"positive"	"ingroup"	"positive"	0.796484032828748
"8"	"negative"	"outgroup"	"negative"	0.399007010367232
"8"	"negative"	"ingroup"	"positive"	0.475186431611389
"8"	"positive"	"outgroup"	"negative"	0.443371116176427
"8"	"positive"	"outgroup"	"negative"	0.406061805418867
"8"	"negative"	"outgroup"	"positive"	1.54041050204136
"8"	"negative"	"ingroup"	"negative"	0.667874175890819
"8"	"positive"	"outgroup"	"positive"	1.01601382787789
"8"	"positive"	"outgroup"	"negative"	0.377014163118519
"8"	"negative"	"outgroup"	"negative"	0.474027586705525
"8"	"negative"	"ingroup"	"negative"	0.935987947557581
"8"	"positive"	"ingroup"	"negative"	0.387655026037222
"8"	"positive"	"outgroup"	"negative"	0.455770957027695
"8"	"positive"	"outgroup"	"positive"	0.398970530004997
"8"	"negative"	"outgroup"	"positive"	1.01345386559158
"8"	"negative"	"outgroup"	"negative"	0.51406031325047
"8"	"positive"	"outgroup"	"positive"	0.816948552232811
"8"	"positive"	"outgroup"	"positive"	0.680570245475936
"8"	"negative"	"ingroup"	"positive"	0.37830955293487
"8"	"positive"	"outgroup"	"positive"	1.15870294194644
"8"	"positive"	"outgroup"	"positive"	0.621735734402479
"8"	"positive"	"ingroup"	"positive"	0.633499011039167
"8"	"positive"	"outgroup"	"negative"	0.427680878311711
"8"	"negative"	"ingroup"	"negative"	0.657673611328946
"8"	"positive"	"ingroup"	"positive"	1.04463150980703
"8"	"negative"	"ingroup"	"positive"	0.421970008522459
"8"	"positive"	"ingroup"	"positive"	0.487644597095362
"8"	"positive"	"ingroup"	"positive"	0.693870425846564
"8"	"positive"	"outgroup"	"negative"	0.402536510786258
"8"	"negative"	"outgroup"	"negative"	0.495956099540181
"8"	"positive"	"outgroup"	"positive"	0.442144528483837
"8"	"positive"	"ingroup"	"positive"	0.531854587941329
"8"	"positive"	"ingroup"	"negative"	0.531666962739749
"8"	"positive"	"outgroup"	"negative"	1.15869803958276
"8"	"negative"	"ingroup"	"negative"	0.479335192424056
"8"	"negative"	"ingroup"	"negative"	0.532732104580469
"8"	"positive"	"outgroup"	"positive"	0.406346034330825
"8"	"positive"	"ingroup"	"negative"	1.08630005667233
"8"	"positive"	"outgroup"	"positive"	0.399908567873561
"8"	"negative"	"outgroup"	"positive"	0.492902897323378
"8"	"positive"	"ingroup"	"positive"	0.52747515872591
"8"	"negative"	"outgroup"	"negative"	0.501348065513165
"8"	"positive"	"ingroup"	"positive"	0.460363749260278
"8"	"negative"	"ingroup"	"negative"	0.407834046513503
"8"	"positive"	"outgroup"	"positive"	0.553654368217316
"8"	"positive"	"ingroup"	"positive"	0.39571093359165
"8"	"positive"	"ingroup"	"negative"	0.57901254475869
"8"	"negative"	"ingroup"	"negative"	0.706636665553669
"8"	"negative"	"outgroup"	"negative"	0.685003676692678
"8"	"positive"	"outgroup"	"negative"	0.765138945720086
"8"	"negative"	"ingroup"	"negative"	0.828125265647117
"8"	"positive"	"outgroup"	"negative"	0.610669236840649
"8"	"negative"	"ingroup"	"negative"	0.585250278636098
"8"	"negative"	"ingroup"	"negative"	0.83730229067618
"8"	"negative"	"outgroup"	"negative"	0.468322690462515
"8"	"positive"	"ingroup"	"negative"	1.0682998372777
"8"	"negative"	"ingroup"	"positive"	0.726393048484647
"8"	"positive"	"ingroup"	"positive"	1.398311549938
"8"	"positive"	"outgroup"	"negative"	0.368950551190009
"8"	"negative"	"outgroup"	"positive"	0.612763226954159
"8"	"positive"	"ingroup"	"positive"	0.676736851188852
"8"	"negative"	"outgroup"	"negative"	0.434237679994727
"8"	"positive"	"ingroup"	"positive"	0.379857958745818
"8"	"negative"	"ingroup"	"negative"	0.50376126972265
"8"	"negative"	"ingroup"	"negative"	0.870016665000349
"8"	"negative"	"outgroup"	"negative"	0.539167631855187
"8"	"positive"	"outgroup"	"positive"	0.447231538980874
"9"	"negative"	"ingroup"	"negative"	0.648987758621716
"9"	"positive"	"ingroup"	"positive"	0.346863496994149
"9"	"positive"	"outgroup"	"positive"	0.445710466948896
"9"	"negative"	"outgroup"	"negative"	0.955387844116007
"9"	"negative"	"ingroup"	"negative"	0.718473268938283
"9"	"positive"	"outgroup"	"positive"	0.356731349491165
"9"	"negative"	"ingroup"	"negative"	1.04870913833878
"9"	"negative"	"outgroup"	"positive"	1.10687334171721
"9"	"negative"	"ingroup"	"positive"	0.503502328146786
"9"	"positive"	"outgroup"	"negative"	0.380737859316948
"9"	"positive"	"ingroup"	"positive"	1.01996713386757
"9"	"negative"	"outgroup"	"positive"	0.586655585693641
"9"	"positive"	"ingroup"	"positive"	0.368401262652996
"9"	"positive"	"ingroup"	"negative"	1.47361683733541
"9"	"negative"	"outgroup"	"negative"	0.4847286715951
"9"	"positive"	"ingroup"	"positive"	0.391331313546571
"9"	"positive"	"ingroup"	"positive"	0.55349089274631
"9"	"positive"	"ingroup"	"negative"	0.648439256609427
"9"	"positive"	"ingroup"	"positive"	0.410151044976733
"9"	"negative"	"outgroup"	"negative"	0.403378078624626
"9"	"positive"	"outgroup"	"positive"	1.14299323045535
"9"	"negative"	"ingroup"	"negative"	0.532971112984266
"9"	"negative"	"ingroup"	"negative"	0.562698327469298
"9"	"negative"	"ingroup"	"positive"	0.75066739113151
"9"	"positive"	"ingroup"	"positive"	0.404389068864887
"9"	"negative"	"outgroup"	"negative"	0.372805207211614
"9"	"positive"	"ingroup"	"positive"	0.539172363489182
"9"	"positive"	"outgroup"	"positive"	1.08914545264228
"9"	"positive"	"ingroup"	"negative"	0.427316112192354
"9"	"positive"	"outgroup"	"positive"	0.436446234544996
"9"	"negative"	"ingroup"	"negative"	0.436350053353113
"9"	"negative"	"ingroup"	"positive"	0.410056081480512
"9"	"positive"	"ingroup"	"negative"	1.02295609065982
"9"	"negative"	"ingroup"	"negative"	0.489711513697775
"9"	"negative"	"ingroup"	"negative"	0.431694449424946
"9"	"negative"	"ingroup"	"negative"	0.70653537364137
"9"	"negative"	"outgroup"	"positive"	0.562453227358807
"9"	"positive"	"outgroup"	"negative"	0.418487727065528
"9"	"negative"	"ingroup"	"positive"	0.512825038241632
"9"	"positive"	"outgroup"	"positive"	0.41560804257422
"9"	"negative"	"ingroup"	"negative"	0.446890821377387
"9"	"negative"	"outgroup"	"negative"	0.645139237609632
"9"	"negative"	"outgroup"	"negative"	1.16658301179492
"9"	"negative"	"ingroup"	"positive"	0.497689518733627
"9"	"positive"	"outgroup"	"negative"	0.363802527383583
"9"	"positive"	"outgroup"	"positive"	0.469085359988748
"9"	"negative"	"outgroup"	"negative"	0.693628667790365
"9"	"positive"	"ingroup"	"positive"	0.835517554477637
"9"	"negative"	"outgroup"	"negative"	0.441491635548094
"9"	"positive"	"ingroup"	"negative"	0.65828647749503
"9"	"positive"	"outgroup"	"positive"	0.724499166982028
"9"	"negative"	"outgroup"	"positive"	0.499212385323027
"9"	"negative"	"ingroup"	"negative"	0.610075325962403
"9"	"negative"	"outgroup"	"negative"	0.395931999303089
"9"	"negative"	"ingroup"	"positive"	0.465430092930266
"9"	"positive"	"outgroup"	"negative"	0.325083617857694
"9"	"negative"	"outgroup"	"positive"	0.368014824464107
"9"	"positive"	"ingroup"	"positive"	0.481227606652273
"9"	"positive"	"ingroup"	"positive"	0.430696993528431
"9"	"negative"	"outgroup"	"positive"	0.523197756629379
"9"	"negative"	"outgroup"	"negative"	0.348865734704831
"9"	"negative"	"ingroup"	"negative"	0.618804970865601
"9"	"negative"	"outgroup"	"negative"	0.449503397885042
"9"	"positive"	"ingroup"	"positive"	0.791214449729505
"9"	"positive"	"ingroup"	"negative"	0.412446739064598
"9"	"positive"	"outgroup"	"negative"	0.341230870598144
"9"	"positive"	"outgroup"	"positive"	0.599632799422718
"9"	"positive"	"outgroup"	"positive"	1.35893561503544
"9"	"negative"	"outgroup"	"negative"	0.395125181838393
"9"	"positive"	"ingroup"	"positive"	0.584965378387082
"9"	"negative"	"outgroup"	"positive"	0.664960862225624
"9"	"negative"	"outgroup"	"positive"	0.636355923677994
"9"	"positive"	"outgroup"	"positive"	0.345744871153104
"9"	"negative"	"ingroup"	"positive"	0.382292986696446
"9"	"positive"	"ingroup"	"positive"	0.351625719774795
"9"	"positive"	"outgroup"	"negative"	0.683568099793908
"9"	"positive"	"ingroup"	"positive"	0.761551900641282
"9"	"positive"	"outgroup"	"negative"	0.581142430380394
"9"	"negative"	"ingroup"	"negative"	0.571495898359959
"9"	"negative"	"outgroup"	"negative"	0.500733228288611
"9"	"negative"	"outgroup"	"negative"	0.381980018301019
"9"	"negative"	"outgroup"	"negative"	0.372829520595604
"9"	"positive"	"ingroup"	"positive"	1.49029092612441
"9"	"positive"	"outgroup"	"negative"	0.415219352654158
"9"	"positive"	"ingroup"	"negative"	0.572462428319932
"9"	"positive"	"ingroup"	"positive"	0.351965473019243
"9"	"positive"	"outgroup"	"negative"	0.683116182997173
"9"	"negative"	"outgroup"	"positive"	0.651326027166453
"9"	"positive"	"ingroup"	"positive"	0.523379326321174
"9"	"positive"	"outgroup"	"positive"	0.55962412975624
"9"	"negative"	"ingroup"	"positive"	0.358792721835473
"9"	"positive"	"ingroup"	"positive"	0.750437994878972
"9"	"positive"	"outgroup"	"negative"	0.519028492872822
"9"	"negative"	"ingroup"	"negative"	0.726976542622659
"9"	"negative"	"outgroup"	"negative"	0.339698624049702
"9"	"positive"	"ingroup"	"positive"	0.386084596325742
"9"	"negative"	"ingroup"	"negative"	0.935778786466319
"9"	"negative"	"ingroup"	"positive"	0.748137811844819
"9"	"positive"	"outgroup"	"negative"	0.670567801337097
"9"	"positive"	"ingroup"	"positive"	0.927669258925046
"9"	"positive"	"outgroup"	"negative"	0.750735997445573
"9"	"positive"	"outgroup"	"positive"	0.456277421235383
"9"	"negative"	"ingroup"	"negative"	0.8810185345104
"9"	"negative"	"ingroup"	"positive"	0.423637497734719
"9"	"negative"	"ingroup"	"negative"	0.565888731254144
"9"	"positive"	"outgroup"	"negative"	0.349039530259718
"9"	"positive"	"outgroup"	"positive"	0.605712363922618
"9"	"negative"	"outgroup"	"negative"	0.684815740074139
"9"	"negative"	"ingroup"	"negative"	0.521008482870827
"9"	"negative"	"ingroup"	"negative"	0.799247238645463
"9"	"negative"	"ingroup"	"positive"	0.470816937589366
"9"	"positive"	"ingroup"	"positive"	0.774368198727854
"9"	"negative"	"ingroup"	"negative"	0.843416666802727
"9"	"negative"	"ingroup"	"positive"	0.428381603487967
"9"	"negative"	"outgroup"	"negative"	0.553478914754324
"9"	"positive"	"outgroup"	"positive"	0.774134209527866
"9"	"positive"	"outgroup"	"positive"	0.591346620245815
"9"	"positive"	"outgroup"	"negative"	0.32326601550127
"9"	"positive"	"outgroup"	"negative"	0.511819328424586
"9"	"positive"	"outgroup"	"negative"	0.417646978274284
"9"	"positive"	"outgroup"	"positive"	0.803601406981158
"9"	"negative"	"ingroup"	"negative"	1.09756469183334
"9"	"positive"	"ingroup"	"positive"	0.51325700444644
"9"	"negative"	"outgroup"	"positive"	0.585726593204694
"9"	"negative"	"outgroup"	"negative"	0.409245835187668
"9"	"positive"	"outgroup"	"negative"	0.384323545100526
"9"	"positive"	"outgroup"	"positive"	0.68779592864829
"9"	"positive"	"outgroup"	"negative"	0.971182866894318
"9"	"positive"	"outgroup"	"positive"	0.516851308565435
"9"	"negative"	"ingroup"	"negative"	0.486258859251377
"9"	"positive"	"ingroup"	"positive"	0.452361449651256
"9"	"positive"	"ingroup"	"positive"	0.517867929872931
"9"	"positive"	"outgroup"	"negative"	0.725911078069809
"9"	"positive"	"outgroup"	"positive"	0.974641191080211
"9"	"negative"	"ingroup"	"positive"	0.362957252659438
"9"	"positive"	"outgroup"	"positive"	1.0854275469828
"9"	"positive"	"ingroup"	"positive"	0.647905075909503
"9"	"positive"	"outgroup"	"positive"	0.850258373175083
"9"	"negative"	"outgroup"	"positive"	0.505070450924684
"9"	"negative"	"outgroup"	"negative"	0.70831653429845
"9"	"negative"	"ingroup"	"positive"	0.569743846188239
"9"	"positive"	"ingroup"	"negative"	0.856827471407985
"9"	"negative"	"outgroup"	"positive"	0.351034301900843
"9"	"negative"	"ingroup"	"positive"	0.429001374465793
"9"	"positive"	"ingroup"	"positive"	0.463611396297414
"9"	"positive"	"ingroup"	"negative"	0.604090393973249
"9"	"negative"	"ingroup"	"negative"	0.779088783602205
"9"	"positive"	"ingroup"	"positive"	0.570671488719065
"9"	"positive"	"outgroup"	"positive"	0.442128266666372
"9"	"negative"	"outgroup"	"negative"	0.478230147988339
"9"	"positive"	"ingroup"	"positive"	0.360013003668573
"9"	"negative"	"ingroup"	"negative"	0.358123584899758
"9"	"negative"	"ingroup"	"negative"	0.643560975708936
"9"	"positive"	"ingroup"	"negative"	0.619714079406978
"9"	"positive"	"outgroup"	"positive"	0.46128931081435
"9"	"positive"	"outgroup"	"negative"	0.436413536712872
"9"	"negative"	"ingroup"	"negative"	0.453029430943049
"9"	"negative"	"ingroup"	"positive"	0.794642033640387
"9"	"positive"	"outgroup"	"positive"	1.04720182166628
"9"	"negative"	"outgroup"	"positive"	0.537758002655513
"9"	"negative"	"outgroup"	"negative"	0.364717733693445
"9"	"positive"	"ingroup"	"positive"	0.679724162075504
"9"	"positive"	"outgroup"	"negative"	0.39084929234147
"9"	"positive"	"ingroup"	"negative"	0.478001880658188
"9"	"positive"	"ingroup"	"positive"	0.322937853106186
"9"	"negative"	"ingroup"	"negative"	0.531688318722401
"9"	"negative"	"ingroup"	"positive"	1.10976385901844
"9"	"positive"	"ingroup"	"negative"	0.498807676958745
"9"	"negative"	"ingroup"	"negative"	0.441444646270959
"9"	"negative"	"ingroup"	"positive"	0.477794513283614
"9"	"positive"	"outgroup"	"negative"	0.662616314053979
"9"	"negative"	"ingroup"	"positive"	0.381299003940139
"9"	"positive"	"outgroup"	"positive"	0.906377194527977
"9"	"negative"	"outgroup"	"positive"	0.54216241701683
"9"	"positive"	"ingroup"	"negative"	1.03477533443587
"9"	"positive"	"ingroup"	"positive"	0.92284584272052
"9"	"positive"	"outgroup"	"positive"	0.420673018818144
"9"	"negative"	"outgroup"	"negative"	0.395677550548851
"9"	"negative"	"outgroup"	"negative"	0.494023130017387
"9"	"positive"	"outgroup"	"negative"	0.360778119874336
"9"	"positive"	"ingroup"	"positive"	0.477129602208132
"9"	"negative"	"ingroup"	"negative"	0.598216088749101
"9"	"positive"	"outgroup"	"positive"	0.553082166527363
"9"	"positive"	"ingroup"	"negative"	1.04128704355707
"9"	"negative"	"outgroup"	"negative"	0.371303373734425
"9"	"positive"	"ingroup"	"positive"	0.605016918372871
"9"	"negative"	"outgroup"	"negative"	0.390052912748891
"9"	"positive"	"ingroup"	"positive"	0.348923777151997
"9"	"negative"	"ingroup"	"positive"	0.383319004345255
"9"	"negative"	"ingroup"	"negative"	0.64659386295885
"9"	"negative"	"outgroup"	"negative"	0.411994474604084
"9"	"positive"	"ingroup"	"positive"	0.378194709970472
"9"	"positive"	"ingroup"	"negative"	0.531671491907973
"9"	"negative"	"outgroup"	"positive"	0.974280691734305
"9"	"positive"	"ingroup"	"negative"	0.685724954169304
"9"	"positive"	"ingroup"	"positive"	0.388675849811139
"9"	"negative"	"outgroup"	"negative"	0.351656867931202
"9"	"negative"	"ingroup"	"positive"	0.515772786840298
"9"	"positive"	"ingroup"	"negative"	0.537534518833442
"9"	"positive"	"ingroup"	"positive"	0.429035746848464
"9"	"negative"	"ingroup"	"positive"	0.458220357512739
"9"	"negative"	"ingroup"	"negative"	0.806640757724619
"9"	"negative"	"ingroup"	"negative"	1.03921382268445
"9"	"positive"	"ingroup"	"positive"	0.419233848188289
"9"	"positive"	"outgroup"	"positive"	0.381935698699287
"9"	"positive"	"outgroup"	"positive"	1.33783710440939
"9"	"positive"	"ingroup"	"positive"	0.852373920344388
"9"	"negative"	"outgroup"	"negative"	0.33221312480285
"9"	"positive"	"ingroup"	"positive"	0.369325953477763
"9"	"positive"	"outgroup"	"negative"	1.29890631951903
"9"	"negative"	"outgroup"	"negative"	0.363810692281793
"9"	"negative"	"ingroup"	"positive"	0.342103546215742
"9"	"positive"	"outgroup"	"positive"	0.757188217123745
"9"	"negative"	"outgroup"	"negative"	0.439622109181029
"9"	"positive"	"ingroup"	"positive"	0.366168465130046
"9"	"negative"	"ingroup"	"negative"	0.533561354492914
"9"	"positive"	"ingroup"	"positive"	0.374001525491098
"9"	"positive"	"outgroup"	"positive"	0.686676748938962
"9"	"positive"	"ingroup"	"positive"	0.733230058340124
"9"	"positive"	"outgroup"	"positive"	0.475234662400591
"9"	"negative"	"outgroup"	"negative"	0.746173069559379
"9"	"negative"	"ingroup"	"positive"	0.563652293081255
"9"	"negative"	"ingroup"	"negative"	1.34155079203336
"9"	"negative"	"outgroup"	"negative"	0.667928661976478
"9"	"positive"	"ingroup"	"positive"	1.66214463072667
"9"	"positive"	"outgroup"	"positive"	0.519307965492394
"9"	"positive"	"outgroup"	"positive"	0.441381407155988
"9"	"negative"	"outgroup"	"negative"	0.488444754209542
"9"	"negative"	"outgroup"	"negative"	0.33821754999601
"9"	"negative"	"outgroup"	"negative"	0.401653069953321
"9"	"positive"	"ingroup"	"negative"	0.577433960990115
"9"	"negative"	"outgroup"	"negative"	0.344113646651975
"9"	"positive"	"ingroup"	"positive"	0.691944834353551
"9"	"positive"	"outgroup"	"positive"	0.726434610812983
"9"	"negative"	"outgroup"	"negative"	0.330926969735534
"9"	"negative"	"ingroup"	"negative"	0.600638166491177
"9"	"positive"	"outgroup"	"negative"	0.505800488012667
"9"	"positive"	"ingroup"	"positive"	0.560635512053325
"9"	"negative"	"outgroup"	"positive"	0.4984608306753
"9"	"negative"	"ingroup"	"positive"	0.480820018719625
"9"	"negative"	"outgroup"	"positive"	0.59044257654606
"9"	"negative"	"outgroup"	"negative"	0.493755582050109
"9"	"positive"	"ingroup"	"positive"	0.761460907475413
"9"	"positive"	"outgroup"	"negative"	0.566578100161994
"9"	"positive"	"ingroup"	"positive"	0.643806551132543
"9"	"positive"	"outgroup"	"negative"	0.532187748836869
"9"	"positive"	"ingroup"	"positive"	0.501242770930054
"9"	"negative"	"ingroup"	"positive"	0.721379105745674
"9"	"negative"	"ingroup"	"positive"	0.450078705549581
"9"	"positive"	"ingroup"	"positive"	0.349773292679208
"9"	"positive"	"outgroup"	"positive"	0.493733205464856
"9"	"positive"	"outgroup"	"positive"	0.892959346888893
"9"	"negative"	"outgroup"	"negative"	0.731040825910396
"9"	"negative"	"outgroup"	"positive"	0.68919049075953
"9"	"negative"	"ingroup"	"positive"	1.21068149434145
"9"	"positive"	"outgroup"	"negative"	0.515656686493146
"9"	"negative"	"ingroup"	"negative"	0.644776151042013
"9"	"negative"	"ingroup"	"negative"	0.706513057233484
"9"	"positive"	"ingroup"	"negative"	0.664112076989409
"9"	"positive"	"outgroup"	"negative"	0.740654121563131
"9"	"positive"	"outgroup"	"negative"	0.616191106720495
"9"	"negative"	"outgroup"	"negative"	0.666016023571275
"9"	"negative"	"ingroup"	"positive"	0.637674658692479
"9"	"positive"	"outgroup"	"negative"	0.40884872021834
"9"	"negative"	"ingroup"	"negative"	0.390311542444088
"9"	"positive"	"ingroup"	"positive"	0.491930198526344
"9"	"positive"	"ingroup"	"positive"	0.680105572884732
"9"	"positive"	"outgroup"	"positive"	0.501131133349671
"9"	"positive"	"ingroup"	"negative"	0.4821673463697
"9"	"positive"	"ingroup"	"positive"	0.423423115902474
"9"	"positive"	"outgroup"	"negative"	0.945733390174782
"9"	"positive"	"ingroup"	"positive"	0.739524559451384
"9"	"negative"	"ingroup"	"positive"	0.330479537847693
"9"	"negative"	"outgroup"	"positive"	0.395383317024985
"9"	"positive"	"ingroup"	"positive"	0.79138770029966
"9"	"positive"	"outgroup"	"negative"	0.421023503034828
"9"	"positive"	"ingroup"	"positive"	0.886703570940519
"9"	"positive"	"outgroup"	"negative"	0.673869008064182
"9"	"positive"	"ingroup"	"negative"	0.685748067960367
"9"	"positive"	"outgroup"	"positive"	0.602496415967201
"9"	"positive"	"ingroup"	"positive"	0.473996718083661
"9"	"positive"	"ingroup"	"positive"	0.77402971186489
"9"	"negative"	"ingroup"	"positive"	0.455306888632588
"9"	"positive"	"ingroup"	"positive"	0.940876185842317
"9"	"positive"	"outgroup"	"positive"	0.704687474181147
"9"	"negative"	"outgroup"	"negative"	0.624600424608529
"9"	"negative"	"ingroup"	"positive"	0.426658238435206
"9"	"negative"	"ingroup"	"negative"	0.723189035333619
"9"	"negative"	"outgroup"	"positive"	0.728912428201066
"9"	"negative"	"ingroup"	"positive"	0.537776582557976
"9"	"negative"	"outgroup"	"negative"	0.339153096237174
"9"	"negative"	"outgroup"	"negative"	0.515047105310853
"9"	"negative"	"ingroup"	"negative"	0.560463843881936
"9"	"positive"	"outgroup"	"negative"	0.568382437668743
"9"	"negative"	"outgroup"	"negative"	0.362654014135107
"9"	"negative"	"ingroup"	"positive"	0.46440604288418
"9"	"negative"	"outgroup"	"negative"	0.359183767855909
"9"	"positive"	"outgroup"	"negative"	0.522913157346728
"9"	"positive"	"ingroup"	"positive"	0.394590464495759
"9"	"negative"	"ingroup"	"negative"	0.770771760764948
"9"	"negative"	"outgroup"	"positive"	0.375577546396616
"9"	"negative"	"ingroup"	"positive"	0.549075929706533
"9"	"positive"	"ingroup"	"positive"	0.785856204908288
"9"	"negative"	"ingroup"	"negative"	1.26122500353712
"9"	"negative"	"ingroup"	"positive"	0.379058629756441
"9"	"negative"	"outgroup"	"negative"	0.42332894595514
"9"	"positive"	"ingroup"	"positive"	1.17421226958015
"9"	"negative"	"ingroup"	"positive"	0.60770118506437
"9"	"positive"	"ingroup"	"positive"	0.388403275309191
"9"	"negative"	"ingroup"	"positive"	0.496209402056306
"9"	"negative"	"ingroup"	"positive"	0.338523312055896
"9"	"positive"	"outgroup"	"positive"	0.426006631451949
"9"	"negative"	"ingroup"	"positive"	0.407316030531253
"9"	"positive"	"outgroup"	"positive"	0.634623860741622
"9"	"negative"	"ingroup"	"positive"	0.389833693231105
"9"	"negative"	"outgroup"	"negative"	0.846266495736197
"9"	"negative"	"outgroup"	"positive"	0.382461167221692
"9"	"negative"	"outgroup"	"negative"	0.339120396675006
"9"	"positive"	"ingroup"	"positive"	0.656561391322457
"9"	"negative"	"outgroup"	"positive"	0.881534280216185
"9"	"positive"	"ingroup"	"positive"	0.323531099292517
"9"	"negative"	"ingroup"	"negative"	0.518159015862587
"9"	"negative"	"outgroup"	"negative"	0.582322249437338
"9"	"negative"	"outgroup"	"negative"	0.699826602273208
"9"	"negative"	"outgroup"	"negative"	0.613074215154449
"9"	"negative"	"ingroup"	"negative"	1.04666381188261
"9"	"positive"	"outgroup"	"positive"	0.542910448932563
"9"	"negative"	"outgroup"	"positive"	0.853044106708808
"9"	"negative"	"ingroup"	"negative"	0.576866001104557
"9"	"positive"	"outgroup"	"negative"	0.515702447153788
"9"	"negative"	"outgroup"	"positive"	0.478855366359004
"9"	"negative"	"outgroup"	"negative"	0.473512267635683
"9"	"negative"	"outgroup"	"negative"	0.362108515018827
"9"	"positive"	"outgroup"	"negative"	0.435335407525115
"9"	"negative"	"ingroup"	"negative"	0.683279512174884
"9"	"positive"	"ingroup"	"positive"	0.404536936470722
"9"	"negative"	"ingroup"	"negative"	0.506556871539517
"9"	"positive"	"outgroup"	"positive"	0.931224352287871
"9"	"positive"	"outgroup"	"positive"	0.672906277644643
"9"	"negative"	"ingroup"	"negative"	0.550995805413869
"9"	"positive"	"outgroup"	"positive"	0.492432935055357
"9"	"positive"	"outgroup"	"positive"	0.668539496857262
"9"	"negative"	"ingroup"	"positive"	0.562042277624784
"9"	"positive"	"outgroup"	"positive"	0.65141127695694
"9"	"negative"	"ingroup"	"positive"	0.760159702990559
"9"	"positive"	"outgroup"	"positive"	0.356261792076199
"9"	"positive"	"ingroup"	"positive"	0.335948875000438
"9"	"negative"	"outgroup"	"positive"	0.753780465053391
"9"	"negative"	"outgroup"	"positive"	0.70732565961403
"9"	"positive"	"outgroup"	"positive"	0.561554393078342
"9"	"positive"	"outgroup"	"positive"	0.481221233826645
"9"	"positive"	"ingroup"	"positive"	0.572805903622348
"9"	"negative"	"ingroup"	"negative"	1.26037633138651
"9"	"negative"	"outgroup"	"negative"	0.656886638385988
"9"	"negative"	"ingroup"	"negative"	0.397028916652672
"9"	"positive"	"outgroup"	"positive"	0.64831781158461
"9"	"negative"	"ingroup"	"positive"	0.342191502093042
"9"	"positive"	"outgroup"	"positive"	0.458068724550445
"9"	"negative"	"ingroup"	"negative"	0.398142059008631
"9"	"positive"	"ingroup"	"positive"	0.665131079567332
"9"	"negative"	"ingroup"	"positive"	0.562046680766552
"9"	"positive"	"outgroup"	"negative"	0.351302540558873
"9"	"positive"	"outgroup"	"positive"	0.702274851053365
"9"	"positive"	"ingroup"	"positive"	0.499556617262051
"9"	"positive"	"ingroup"	"negative"	0.774197932182392
"9"	"negative"	"outgroup"	"positive"	0.500564492490036
"9"	"negative"	"outgroup"	"negative"	0.462797904057422
"9"	"negative"	"ingroup"	"negative"	1.04275590859553
"9"	"negative"	"outgroup"	"positive"	1.09976750963968
"9"	"negative"	"ingroup"	"negative"	0.371769458875664
"9"	"negative"	"outgroup"	"negative"	0.527285070254054
"9"	"positive"	"outgroup"	"positive"	0.477916680354012
"9"	"positive"	"outgroup"	"negative"	0.350744343340211
"9"	"positive"	"ingroup"	"positive"	0.575809095228139
"9"	"positive"	"ingroup"	"positive"	0.820436968972925
"9"	"positive"	"outgroup"	"negative"	0.698404625656308
"9"	"positive"	"outgroup"	"positive"	0.637955777508892
"9"	"negative"	"ingroup"	"positive"	0.363464577489738
"9"	"positive"	"ingroup"	"positive"	0.410634878300061
"9"	"positive"	"outgroup"	"negative"	0.732495622634219
"9"	"negative"	"outgroup"	"negative"	0.614648401675311
"9"	"negative"	"outgroup"	"negative"	0.435805946680241
"9"	"negative"	"outgroup"	"negative"	0.709968652809284
"9"	"positive"	"outgroup"	"positive"	0.790619317360903
"9"	"negative"	"outgroup"	"positive"	1.02423114226087
"9"	"positive"	"outgroup"	"negative"	0.581298574092078
"9"	"positive"	"outgroup"	"positive"	0.691292085423242
"9"	"negative"	"outgroup"	"negative"	0.391175458024327
"9"	"positive"	"ingroup"	"positive"	0.476215005592322
"9"	"negative"	"ingroup"	"negative"	0.419602777064215
"9"	"negative"	"outgroup"	"negative"	0.471604183975931
"9"	"positive"	"ingroup"	"negative"	0.599756134134769
"9"	"negative"	"outgroup"	"negative"	0.888458994746031
"9"	"negative"	"outgroup"	"negative"	0.473186943385246
"9"	"negative"	"outgroup"	"negative"	1.06367871833355
"9"	"positive"	"ingroup"	"positive"	0.621565736844222
"9"	"positive"	"outgroup"	"positive"	1.37373428838508
"9"	"positive"	"ingroup"	"negative"	0.781398967268507
"9"	"positive"	"outgroup"	"positive"	0.442983076556816
"9"	"negative"	"ingroup"	"negative"	0.562147093092481
"9"	"negative"	"ingroup"	"negative"	0.627872180434015
"9"	"negative"	"outgroup"	"positive"	0.623173081106274
"9"	"positive"	"ingroup"	"positive"	0.544964600276458
"9"	"positive"	"outgroup"	"positive"	0.438560355218066
"9"	"negative"	"outgroup"	"negative"	0.653285585655165
"9"	"negative"	"ingroup"	"negative"	0.61774572194919
"9"	"negative"	"ingroup"	"positive"	0.37697289228124
"9"	"negative"	"outgroup"	"negative"	0.361264116060432
"9"	"negative"	"outgroup"	"negative"	0.50440874518946
"9"	"positive"	"outgroup"	"positive"	0.430644834553059
"9"	"negative"	"outgroup"	"negative"	0.374491495288149
"9"	"positive"	"ingroup"	"positive"	1.08115419096453
"9"	"negative"	"outgroup"	"negative"	0.580089347809065
"9"	"positive"	"outgroup"	"positive"	0.356668630920994
"9"	"positive"	"outgroup"	"negative"	0.380098999956574
"9"	"positive"	"ingroup"	"positive"	0.798122284141207
"9"	"negative"	"ingroup"	"positive"	1.2283566507528
"9"	"negative"	"outgroup"	"negative"	0.341971377076193
"9"	"negative"	"ingroup"	"negative"	0.47744945895881
"9"	"negative"	"outgroup"	"positive"	0.744101775257287
"9"	"negative"	"outgroup"	"negative"	0.939852403027689
"9"	"negative"	"outgroup"	"positive"	0.985773024498277
"9"	"positive"	"ingroup"	"positive"	0.563858744470757
"9"	"positive"	"ingroup"	"positive"	0.389179356897657
"9"	"positive"	"outgroup"	"positive"	0.992351488389118
"9"	"positive"	"outgroup"	"positive"	0.484951370055396
"9"	"positive"	"outgroup"	"negative"	0.467216920688937
"9"	"positive"	"outgroup"	"positive"	0.567757371068377
"9"	"positive"	"outgroup"	"negative"	0.616619432558784
"9"	"negative"	"outgroup"	"negative"	0.374488594991309
"9"	"negative"	"outgroup"	"negative"	0.436312119588375
"9"	"negative"	"outgroup"	"negative"	0.749974800123908
"9"	"positive"	"ingroup"	"negative"	0.711827981038349
"9"	"negative"	"outgroup"	"negative"	0.47216868586621
"9"	"positive"	"ingroup"	"positive"	0.611903082106171
"9"	"negative"	"outgroup"	"positive"	0.452123385063049
"9"	"negative"	"outgroup"	"negative"	0.333407856601357
"9"	"negative"	"outgroup"	"positive"	0.901289207990401
"9"	"positive"	"ingroup"	"positive"	0.447100805207452
"9"	"positive"	"ingroup"	"positive"	0.768224546027684
"9"	"negative"	"ingroup"	"positive"	0.328727480507222
"9"	"negative"	"ingroup"	"positive"	0.5139565047798
"9"	"negative"	"outgroup"	"positive"	0.437368476370917
"9"	"positive"	"ingroup"	"positive"	0.375686997903208
"9"	"positive"	"ingroup"	"positive"	0.391823026433016
"9"	"negative"	"outgroup"	"negative"	0.423317554010464
"9"	"positive"	"ingroup"	"positive"	0.697622166976561
"9"	"negative"	"ingroup"	"positive"	0.642109665223335
"9"	"negative"	"outgroup"	"negative"	0.721243168894024
"9"	"positive"	"ingroup"	"negative"	0.837381133433433
"9"	"negative"	"ingroup"	"negative"	1.57526900888051
"9"	"negative"	"ingroup"	"negative"	0.437591276664508
"9"	"positive"	"outgroup"	"negative"	0.360106941370935
"9"	"negative"	"ingroup"	"positive"	0.364678258294978
"9"	"positive"	"ingroup"	"positive"	0.715906806713246
"9"	"positive"	"ingroup"	"positive"	0.421571902936181
"9"	"negative"	"ingroup"	"positive"	0.473197611006115
"9"	"negative"	"ingroup"	"negative"	0.467169223182539
"9"	"negative"	"ingroup"	"negative"	0.519752666944345
"9"	"positive"	"outgroup"	"positive"	0.824828761962583
"10"	"positive"	"ingroup"	"positive"	0.712804186286028
"10"	"positive"	"ingroup"	"positive"	0.421451430873795
"10"	"negative"	"outgroup"	"negative"	0.584642145920277
"10"	"negative"	"ingroup"	"negative"	0.5871829756488
"10"	"negative"	"ingroup"	"negative"	0.713246242927434
"10"	"positive"	"ingroup"	"positive"	0.674732371302375
"10"	"negative"	"outgroup"	"negative"	0.51267462855652
"10"	"positive"	"outgroup"	"negative"	0.386392086029299
"10"	"negative"	"ingroup"	"negative"	0.397914033587824
"10"	"negative"	"outgroup"	"positive"	0.703010550236533
"10"	"negative"	"ingroup"	"positive"	0.355925931894738
"10"	"negative"	"outgroup"	"positive"	0.311094023094892
"10"	"negative"	"ingroup"	"negative"	0.386343126211374
"10"	"positive"	"outgroup"	"positive"	0.69043357134811
"10"	"positive"	"outgroup"	"positive"	0.324745687570064
"10"	"negative"	"outgroup"	"positive"	0.476057407398392
"10"	"positive"	"outgroup"	"negative"	0.382625397522528
"10"	"negative"	"ingroup"	"negative"	0.676115979117335
"10"	"positive"	"outgroup"	"positive"	0.542182898300069
"10"	"positive"	"ingroup"	"positive"	0.340279521903615
"10"	"positive"	"ingroup"	"negative"	0.996682343752521
"10"	"negative"	"outgroup"	"negative"	0.33338165590501
"10"	"negative"	"outgroup"	"negative"	0.816329896708581
"10"	"positive"	"ingroup"	"positive"	0.429713117382543
"10"	"positive"	"ingroup"	"negative"	0.678053859993536
"10"	"positive"	"outgroup"	"positive"	1.67346354244378
"10"	"negative"	"outgroup"	"negative"	0.661444707227413
"10"	"negative"	"outgroup"	"negative"	0.525520285393269
"10"	"positive"	"outgroup"	"negative"	0.532520994343217
"10"	"negative"	"outgroup"	"negative"	0.532980332820333
"10"	"positive"	"outgroup"	"negative"	0.325004187500707
"10"	"negative"	"outgroup"	"positive"	0.544703318618504
"10"	"negative"	"ingroup"	"negative"	0.426675000972
"10"	"positive"	"ingroup"	"negative"	0.793674124801611
"10"	"negative"	"outgroup"	"negative"	0.988088864605457
"10"	"negative"	"outgroup"	"negative"	0.388397670732896
"10"	"negative"	"ingroup"	"negative"	0.406186939524099
"10"	"positive"	"outgroup"	"positive"	0.512488390640273
"10"	"positive"	"outgroup"	"negative"	0.663893199400673
"10"	"negative"	"ingroup"	"negative"	0.393838129243941
"10"	"negative"	"ingroup"	"negative"	0.505741515499675
"10"	"positive"	"ingroup"	"negative"	0.408752997915383
"10"	"positive"	"outgroup"	"positive"	0.974943835873938
"10"	"positive"	"outgroup"	"positive"	0.348554768053937
"10"	"positive"	"ingroup"	"positive"	0.309015940186836
"10"	"positive"	"ingroup"	"positive"	0.373178816137804
"10"	"negative"	"outgroup"	"negative"	0.889567705525574
"10"	"positive"	"outgroup"	"negative"	0.355296757084658
"10"	"negative"	"ingroup"	"negative"	0.594226466047452
"10"	"negative"	"ingroup"	"positive"	0.335658865163174
"10"	"positive"	"outgroup"	"negative"	1.1333580099153
"10"	"positive"	"ingroup"	"positive"	0.547802601096623
"10"	"negative"	"ingroup"	"negative"	0.372309303392226
"10"	"positive"	"outgroup"	"positive"	0.530054007671764
"10"	"negative"	"outgroup"	"negative"	0.388514927273712
"10"	"negative"	"outgroup"	"positive"	0.920624778153847
"10"	"positive"	"outgroup"	"negative"	0.294366869567402
"10"	"negative"	"outgroup"	"positive"	0.44307940627291
"10"	"positive"	"outgroup"	"positive"	0.493627379009768
"10"	"positive"	"outgroup"	"positive"	0.524186819490958
"10"	"negative"	"outgroup"	"negative"	0.315977038008993
"10"	"positive"	"ingroup"	"negative"	0.366356761067104
"10"	"negative"	"outgroup"	"positive"	0.464736252138191
"10"	"negative"	"ingroup"	"positive"	0.502974190036389
"10"	"positive"	"outgroup"	"positive"	0.365174164889386
"10"	"positive"	"ingroup"	"positive"	0.601368431196637
"10"	"positive"	"outgroup"	"positive"	0.844734416021021
"10"	"negative"	"outgroup"	"positive"	0.419520666000781
"10"	"positive"	"outgroup"	"positive"	0.520157145062402
"10"	"negative"	"ingroup"	"positive"	0.348807265348314
"10"	"positive"	"outgroup"	"negative"	0.320480245666158
"10"	"positive"	"ingroup"	"negative"	0.68322333884096
"10"	"positive"	"outgroup"	"positive"	0.301231010130533
"10"	"negative"	"outgroup"	"negative"	0.602765803420412
"10"	"negative"	"outgroup"	"positive"	0.706260444745446
"10"	"positive"	"outgroup"	"negative"	0.614696904373539
"10"	"negative"	"outgroup"	"negative"	0.293378258756527
"10"	"negative"	"outgroup"	"negative"	0.664102440247477
"10"	"positive"	"ingroup"	"positive"	0.334697285880232
"10"	"negative"	"ingroup"	"positive"	0.485843706380741
"10"	"positive"	"outgroup"	"positive"	0.504116836778136
"10"	"negative"	"outgroup"	"positive"	0.650990410757579
"10"	"positive"	"ingroup"	"positive"	0.54733524739824
"10"	"negative"	"ingroup"	"negative"	0.369341981278257
"10"	"positive"	"outgroup"	"positive"	0.606190343256517
"10"	"negative"	"outgroup"	"negative"	0.379291986361131
"10"	"negative"	"outgroup"	"negative"	0.418078897397601
"10"	"negative"	"outgroup"	"positive"	0.606230373114537
"10"	"negative"	"outgroup"	"positive"	0.445472323873348
"10"	"positive"	"outgroup"	"positive"	0.717372521490112
"10"	"negative"	"ingroup"	"negative"	0.613306609098552
"10"	"positive"	"ingroup"	"positive"	0.564501433575763
"10"	"positive"	"ingroup"	"negative"	0.352277792338385
"10"	"negative"	"ingroup"	"negative"	0.440340395434103
"10"	"positive"	"ingroup"	"negative"	1.09607675327116
"10"	"positive"	"outgroup"	"positive"	0.387459093832131
"10"	"positive"	"outgroup"	"positive"	0.724179921954585
"10"	"positive"	"outgroup"	"negative"	0.604771876079261
"10"	"positive"	"ingroup"	"positive"	0.37653871900409
"10"	"negative"	"outgroup"	"negative"	0.351610483278057
"10"	"positive"	"outgroup"	"negative"	0.371759125216672
"10"	"positive"	"outgroup"	"positive"	0.763654017462798
"10"	"positive"	"outgroup"	"positive"	0.836291665818371
"10"	"positive"	"outgroup"	"negative"	0.648600689132377
"10"	"positive"	"ingroup"	"positive"	0.355896868459128
"10"	"positive"	"outgroup"	"positive"	0.68131589485615
"10"	"negative"	"ingroup"	"negative"	0.493009880361009
"10"	"positive"	"ingroup"	"negative"	0.334542472746907
"10"	"positive"	"ingroup"	"positive"	0.353773267941897
"10"	"negative"	"outgroup"	"positive"	0.387803411762211
"10"	"negative"	"outgroup"	"negative"	0.329584091881512
"10"	"negative"	"ingroup"	"negative"	0.50755462638687
"10"	"negative"	"ingroup"	"negative"	0.438381576863967
"10"	"negative"	"outgroup"	"positive"	0.901951512491154
"10"	"negative"	"ingroup"	"positive"	0.542386407600781
"10"	"negative"	"ingroup"	"positive"	0.886463151921261
"10"	"negative"	"outgroup"	"positive"	0.312015757066833
"10"	"negative"	"outgroup"	"negative"	0.345000116832854
"10"	"positive"	"ingroup"	"negative"	0.753509516854408
"10"	"positive"	"outgroup"	"positive"	0.424527136819714
"10"	"positive"	"outgroup"	"positive"	0.352036873950678
"10"	"positive"	"ingroup"	"positive"	0.482842273104546
"10"	"negative"	"outgroup"	"negative"	0.315211425319367
"10"	"positive"	"ingroup"	"positive"	0.376421296174645
"10"	"positive"	"ingroup"	"positive"	0.898042614440687
"10"	"positive"	"outgroup"	"positive"	0.846422887643829
"10"	"positive"	"ingroup"	"negative"	0.354483364557266
"10"	"positive"	"ingroup"	"positive"	0.574678391794724
"10"	"negative"	"outgroup"	"positive"	0.336064643020488
"10"	"positive"	"ingroup"	"negative"	0.411189054091075
"10"	"negative"	"outgroup"	"negative"	0.385014565135677
"10"	"negative"	"outgroup"	"negative"	0.379024165538343
"10"	"negative"	"ingroup"	"negative"	0.402061815933711
"10"	"positive"	"outgroup"	"positive"	0.60311665625277
"10"	"positive"	"ingroup"	"positive"	0.728453310330106
"10"	"negative"	"outgroup"	"negative"	0.763614362059882
"10"	"positive"	"outgroup"	"positive"	0.367115578040216
"10"	"positive"	"outgroup"	"positive"	0.658479076924657
"10"	"positive"	"outgroup"	"negative"	0.421277041960711
"10"	"positive"	"outgroup"	"positive"	0.475027059904156
"10"	"negative"	"outgroup"	"negative"	0.437792782862626
"10"	"positive"	"outgroup"	"negative"	0.563433799853415
"10"	"negative"	"ingroup"	"negative"	0.648791650593357
"10"	"negative"	"ingroup"	"positive"	0.503345659590914
"10"	"negative"	"outgroup"	"negative"	0.37318950558958
"10"	"positive"	"ingroup"	"negative"	0.891923378972057
"10"	"negative"	"ingroup"	"negative"	0.457999988526252
"10"	"positive"	"outgroup"	"negative"	0.332163853952074
"10"	"positive"	"ingroup"	"positive"	0.338331218053149
"10"	"negative"	"ingroup"	"negative"	0.743354713552444
"10"	"positive"	"outgroup"	"positive"	0.451710358038099
"10"	"negative"	"outgroup"	"negative"	0.549136581015349
"10"	"positive"	"outgroup"	"negative"	0.351672756898838
"10"	"negative"	"ingroup"	"negative"	0.799412059106517
"10"	"positive"	"ingroup"	"positive"	0.485329638215286
"10"	"positive"	"outgroup"	"negative"	0.344214279921675
"10"	"negative"	"outgroup"	"negative"	0.419264015669505
"10"	"positive"	"ingroup"	"negative"	0.743732346160293
"10"	"negative"	"ingroup"	"positive"	0.415082938186329
"10"	"positive"	"outgroup"	"negative"	0.441819860985418
"10"	"negative"	"outgroup"	"positive"	0.54415016442582
"10"	"positive"	"ingroup"	"positive"	0.486698931052786
"10"	"positive"	"outgroup"	"positive"	0.728632015894229
"10"	"negative"	"ingroup"	"negative"	0.383633363732555
"10"	"negative"	"outgroup"	"positive"	0.373736689390286
"10"	"positive"	"outgroup"	"positive"	0.636490304401383
"10"	"negative"	"ingroup"	"positive"	0.463123790133161
"10"	"positive"	"ingroup"	"positive"	0.952558400004556
"10"	"positive"	"outgroup"	"negative"	0.50662865765037
"10"	"positive"	"ingroup"	"negative"	0.499291935452402
"10"	"positive"	"ingroup"	"positive"	0.434409433760826
"10"	"positive"	"ingroup"	"positive"	0.428368688243001
"10"	"negative"	"outgroup"	"negative"	0.331874869895032
"10"	"negative"	"outgroup"	"negative"	0.304076321618695
"10"	"negative"	"ingroup"	"negative"	0.453321363509439
"10"	"positive"	"ingroup"	"positive"	0.724849064613516
"10"	"positive"	"outgroup"	"positive"	0.337035977722215
"10"	"positive"	"outgroup"	"positive"	0.81670310326597
"10"	"negative"	"outgroup"	"positive"	0.439194679433149
"10"	"negative"	"ingroup"	"negative"	0.390577391103885
"10"	"negative"	"outgroup"	"negative"	0.388470695770013
"10"	"negative"	"outgroup"	"negative"	0.370080256211336
"10"	"positive"	"outgroup"	"negative"	0.401267473138039
"10"	"negative"	"outgroup"	"negative"	0.418526624003279
"10"	"negative"	"ingroup"	"negative"	0.415391712226626
"10"	"positive"	"outgroup"	"positive"	0.317278987402291
"10"	"positive"	"outgroup"	"positive"	0.459703448198433
"10"	"negative"	"outgroup"	"negative"	0.893937859769485
"10"	"positive"	"ingroup"	"positive"	0.883220614623652
"10"	"positive"	"ingroup"	"positive"	0.420585534616522
"10"	"positive"	"outgroup"	"positive"	0.360372185895406
"10"	"negative"	"ingroup"	"negative"	0.338933147810217
"10"	"positive"	"outgroup"	"positive"	0.551049451950225
"10"	"positive"	"ingroup"	"positive"	0.362408339900426
"10"	"negative"	"ingroup"	"negative"	0.425821366240975
"10"	"negative"	"outgroup"	"positive"	0.891809844809072
"10"	"negative"	"ingroup"	"positive"	0.440752208518311
"10"	"negative"	"ingroup"	"negative"	0.333767103291617
"10"	"positive"	"outgroup"	"positive"	0.517480573587745
"10"	"positive"	"ingroup"	"positive"	0.356988494214757
"10"	"positive"	"ingroup"	"negative"	0.340078698493354
"10"	"negative"	"ingroup"	"positive"	0.564792809449398
"10"	"positive"	"outgroup"	"positive"	0.52152581492762
"10"	"positive"	"ingroup"	"positive"	0.319777383046126
"10"	"negative"	"outgroup"	"negative"	0.357286521613172
"10"	"negative"	"outgroup"	"positive"	0.620179812624323
"10"	"positive"	"ingroup"	"positive"	0.347078289732106
"10"	"negative"	"ingroup"	"negative"	0.343402277785547
"10"	"positive"	"outgroup"	"negative"	0.362525422072376
"10"	"negative"	"outgroup"	"negative"	0.399273484350571
"10"	"positive"	"outgroup"	"negative"	0.72351150593888
"10"	"positive"	"outgroup"	"positive"	0.504899036420303
"10"	"negative"	"outgroup"	"negative"	0.337392340261547
"10"	"positive"	"outgroup"	"negative"	0.533694926749577
"10"	"negative"	"outgroup"	"negative"	0.657693781529991
"10"	"negative"	"ingroup"	"negative"	0.467999755931406
"10"	"positive"	"ingroup"	"negative"	1.18130036564087
"10"	"negative"	"ingroup"	"negative"	0.487099820238711
"10"	"negative"	"ingroup"	"positive"	0.489137142005975
"10"	"positive"	"outgroup"	"negative"	0.881909212504264
"10"	"positive"	"ingroup"	"positive"	0.470850623472056
"10"	"negative"	"ingroup"	"negative"	0.528841325907569
"10"	"negative"	"outgroup"	"positive"	0.423665625345819
"10"	"positive"	"outgroup"	"negative"	0.73764183598819
"10"	"positive"	"outgroup"	"positive"	0.993433150321833
"10"	"positive"	"ingroup"	"positive"	0.892044721849458
"10"	"negative"	"outgroup"	"negative"	0.477514017707092
"10"	"negative"	"ingroup"	"positive"	0.40362428876219
"10"	"negative"	"ingroup"	"negative"	0.615230722993922
"10"	"positive"	"ingroup"	"positive"	0.494715133186938
"10"	"negative"	"ingroup"	"negative"	0.489441196808453
"10"	"negative"	"ingroup"	"negative"	0.39404342255716
"10"	"negative"	"outgroup"	"negative"	0.323428346432646
"10"	"positive"	"ingroup"	"positive"	0.363168936863481
"10"	"negative"	"ingroup"	"negative"	0.602475686242311
"10"	"negative"	"outgroup"	"positive"	0.756139349921678
"10"	"positive"	"outgroup"	"negative"	0.414071956870164
"10"	"positive"	"outgroup"	"negative"	0.341801607129908
"10"	"negative"	"ingroup"	"positive"	0.859960534923504
"10"	"positive"	"ingroup"	"positive"	0.382930597278247
"10"	"positive"	"ingroup"	"negative"	0.666585043791917
"10"	"negative"	"ingroup"	"negative"	0.403011456880746
"10"	"positive"	"outgroup"	"negative"	0.442262146035554
"10"	"negative"	"ingroup"	"negative"	0.380369208041188
"10"	"negative"	"ingroup"	"negative"	0.450895541096257
"10"	"positive"	"ingroup"	"positive"	0.294142131063448
"10"	"negative"	"ingroup"	"negative"	0.336616450247042
"10"	"positive"	"ingroup"	"positive"	0.337236770803855
"10"	"positive"	"ingroup"	"negative"	0.638410890854144
"10"	"positive"	"outgroup"	"positive"	0.654768498337035
"10"	"positive"	"ingroup"	"positive"	0.347767981399495
"10"	"positive"	"outgroup"	"negative"	0.445139419175307
"10"	"negative"	"ingroup"	"negative"	0.349790243607121
"10"	"positive"	"ingroup"	"negative"	0.629272895172716
"10"	"positive"	"ingroup"	"positive"	0.663394954178667
"10"	"negative"	"outgroup"	"positive"	1.0672430007223
"10"	"negative"	"ingroup"	"positive"	0.563830938825035
"10"	"positive"	"outgroup"	"negative"	0.447262574976141
"10"	"negative"	"outgroup"	"negative"	0.323528257709073
"10"	"negative"	"outgroup"	"negative"	0.479036696955014
"10"	"negative"	"outgroup"	"negative"	0.30768528079124
"10"	"negative"	"outgroup"	"negative"	0.366836529325281
"10"	"negative"	"ingroup"	"positive"	0.321373213065882
"10"	"negative"	"ingroup"	"positive"	0.368534909158057
"10"	"negative"	"outgroup"	"negative"	0.440140697954063
"10"	"positive"	"ingroup"	"positive"	0.633165818094022
"10"	"negative"	"ingroup"	"positive"	0.421113848975958
"10"	"negative"	"ingroup"	"negative"	0.537137003678139
"10"	"positive"	"outgroup"	"positive"	0.502578916634137
"10"	"positive"	"ingroup"	"negative"	0.404180615859977
"10"	"negative"	"ingroup"	"negative"	0.344107028426139
"10"	"positive"	"outgroup"	"positive"	0.536769933767954
"10"	"positive"	"ingroup"	"negative"	0.72998740101334
"10"	"positive"	"ingroup"	"positive"	0.661244974011704
"10"	"positive"	"outgroup"	"positive"	0.386290451955949
"10"	"positive"	"ingroup"	"positive"	0.453861296313747
"10"	"positive"	"outgroup"	"negative"	0.39061260527935
"10"	"negative"	"ingroup"	"positive"	0.383691270891692
"10"	"negative"	"outgroup"	"positive"	0.303843269135332
"10"	"negative"	"outgroup"	"negative"	0.327947591963551
"10"	"negative"	"ingroup"	"negative"	0.396180981389214
"10"	"negative"	"ingroup"	"negative"	0.458544139071205
"10"	"negative"	"ingroup"	"negative"	0.587343551542007
"10"	"negative"	"outgroup"	"negative"	0.41986769689165
"10"	"negative"	"outgroup"	"negative"	0.647589558632655
"10"	"positive"	"ingroup"	"positive"	0.829657271334768
"10"	"negative"	"ingroup"	"positive"	0.481963777626375
"10"	"positive"	"ingroup"	"positive"	0.504231347735913
"10"	"negative"	"ingroup"	"negative"	0.408861439237077
"10"	"negative"	"outgroup"	"negative"	0.480638077985623
"10"	"positive"	"ingroup"	"positive"	0.337980734770362
"10"	"positive"	"outgroup"	"negative"	0.566366772493996
"10"	"negative"	"outgroup"	"negative"	0.35203579999347
"10"	"negative"	"ingroup"	"positive"	0.649124509734542
"10"	"negative"	"ingroup"	"positive"	0.619602034089272
"10"	"negative"	"outgroup"	"negative"	0.352709622764601
"10"	"negative"	"outgroup"	"negative"	0.383513543625002
"10"	"negative"	"outgroup"	"negative"	0.334215400235608
"10"	"positive"	"ingroup"	"positive"	0.345796678480448
"10"	"positive"	"ingroup"	"positive"	0.342973714451472
"10"	"positive"	"ingroup"	"positive"	0.333416102333436
"10"	"positive"	"ingroup"	"positive"	0.730969913534653
"10"	"positive"	"outgroup"	"positive"	0.740608554496061
"10"	"negative"	"ingroup"	"negative"	0.362704670650722
"10"	"positive"	"outgroup"	"positive"	0.306781879555703
"10"	"positive"	"outgroup"	"negative"	0.438014285188764
"10"	"negative"	"outgroup"	"negative"	0.714448585950035
"10"	"negative"	"outgroup"	"negative"	0.53296561691207
"10"	"positive"	"outgroup"	"positive"	0.638842652677404
"10"	"negative"	"outgroup"	"negative"	0.413807194741679
"10"	"positive"	"outgroup"	"positive"	0.441370127255921
"10"	"negative"	"ingroup"	"negative"	0.770756269887813
"10"	"positive"	"ingroup"	"negative"	0.34281961458877
"10"	"negative"	"outgroup"	"negative"	0.402216175586374
"10"	"negative"	"ingroup"	"negative"	0.755434888072213
"10"	"negative"	"outgroup"	"positive"	0.386793183939247
"10"	"positive"	"ingroup"	"negative"	0.431182169740325
"10"	"positive"	"ingroup"	"negative"	0.575286685638862
"10"	"negative"	"ingroup"	"negative"	0.59633590045723
"10"	"positive"	"outgroup"	"positive"	0.948581344897311
"10"	"negative"	"outgroup"	"negative"	0.850182043929162
"10"	"positive"	"outgroup"	"positive"	0.5608778567728
"10"	"negative"	"ingroup"	"negative"	0.352769677174361
"10"	"positive"	"ingroup"	"negative"	0.506394709796124
"10"	"positive"	"outgroup"	"negative"	0.557088252987518
"10"	"negative"	"outgroup"	"negative"	0.478644388069843
"10"	"negative"	"outgroup"	"negative"	0.363728744322187
"10"	"negative"	"outgroup"	"positive"	0.679792624800205
"10"	"negative"	"ingroup"	"negative"	0.352572276829541
"10"	"positive"	"outgroup"	"negative"	0.396717488182482
"10"	"positive"	"ingroup"	"positive"	0.581760932822534
"10"	"negative"	"ingroup"	"negative"	0.859607347019615
"10"	"negative"	"outgroup"	"negative"	0.500971054760826
"10"	"negative"	"outgroup"	"negative"	0.363182379250744
"10"	"positive"	"ingroup"	"positive"	0.406519812424577
"10"	"negative"	"ingroup"	"negative"	0.441402579407935
"10"	"negative"	"ingroup"	"positive"	0.51213825313843
"10"	"positive"	"outgroup"	"positive"	0.389396241275777
"10"	"negative"	"ingroup"	"negative"	0.631138986161056
"10"	"negative"	"outgroup"	"negative"	0.406225624836912
"10"	"negative"	"outgroup"	"negative"	0.469074409130821
"10"	"negative"	"ingroup"	"positive"	0.433086714233081
"10"	"negative"	"outgroup"	"negative"	0.287267419515254
"10"	"negative"	"ingroup"	"positive"	0.313716591042042
"10"	"positive"	"outgroup"	"positive"	0.676431928842717
"10"	"positive"	"ingroup"	"negative"	1.01571356520354
"10"	"positive"	"ingroup"	"negative"	0.450871824120678
"10"	"positive"	"ingroup"	"positive"	0.299806894704338
"10"	"positive"	"ingroup"	"positive"	0.338952218135947
"10"	"positive"	"ingroup"	"positive"	0.536511985186416
"10"	"negative"	"outgroup"	"negative"	0.410842855345297
"10"	"negative"	"outgroup"	"negative"	0.297279687906882
"10"	"positive"	"ingroup"	"positive"	0.421408103490844
"10"	"negative"	"ingroup"	"negative"	0.518153785250449
"10"	"negative"	"ingroup"	"positive"	0.376571739844064
"10"	"positive"	"outgroup"	"negative"	0.423304523589128
"10"	"positive"	"outgroup"	"positive"	0.523155569815987
"10"	"positive"	"ingroup"	"negative"	0.506633044922827
"10"	"negative"	"ingroup"	"negative"	0.462799163011098
"10"	"positive"	"outgroup"	"positive"	0.432672621203394
"10"	"negative"	"outgroup"	"negative"	0.38457135071125
"10"	"positive"	"ingroup"	"positive"	0.420688778791279
"10"	"positive"	"outgroup"	"positive"	0.526258367072165
"10"	"negative"	"ingroup"	"negative"	0.462577412621485
"10"	"negative"	"outgroup"	"negative"	0.703410287591672
"10"	"negative"	"ingroup"	"positive"	0.627320182792279
"10"	"positive"	"outgroup"	"negative"	0.400424435911272
"10"	"positive"	"outgroup"	"positive"	0.412668793617393
"10"	"negative"	"outgroup"	"negative"	0.420180022218586
"10"	"negative"	"outgroup"	"positive"	0.899012807781886
"10"	"positive"	"ingroup"	"negative"	0.396751205547564
"10"	"positive"	"ingroup"	"negative"	0.436233336996123
"10"	"positive"	"ingroup"	"positive"	0.421269441209281
"10"	"positive"	"outgroup"	"positive"	0.355441756731685
"10"	"negative"	"ingroup"	"negative"	0.491873262996769
"10"	"positive"	"ingroup"	"positive"	0.345824775477304
"10"	"positive"	"ingroup"	"positive"	0.318509315273378
"10"	"positive"	"ingroup"	"negative"	0.554023002057854
"10"	"negative"	"outgroup"	"negative"	0.518332868953752
"10"	"positive"	"ingroup"	"negative"	0.501706154648666
"10"	"positive"	"outgroup"	"negative"	0.494004119536016
"10"	"positive"	"outgroup"	"negative"	0.348041829622748
"10"	"positive"	"outgroup"	"negative"	0.690171992931187
"10"	"negative"	"ingroup"	"negative"	0.584402575123643
"10"	"positive"	"ingroup"	"positive"	0.502304472055446
"10"	"positive"	"ingroup"	"negative"	0.668796419096711
"10"	"negative"	"ingroup"	"positive"	0.548484855760008
"10"	"positive"	"ingroup"	"positive"	0.594349843356649
"10"	"negative"	"ingroup"	"negative"	0.492973525589983
"10"	"negative"	"ingroup"	"positive"	0.377482097747321
"10"	"negative"	"ingroup"	"positive"	0.378400855513619
"10"	"positive"	"ingroup"	"negative"	0.325271475962993
"10"	"positive"	"ingroup"	"negative"	1.26935901428156
"10"	"positive"	"ingroup"	"positive"	0.478908029919222
"10"	"negative"	"ingroup"	"negative"	0.351254942861848
"10"	"positive"	"ingroup"	"negative"	0.349413343144314
"10"	"negative"	"ingroup"	"negative"	0.498003183163542
"10"	"positive"	"ingroup"	"negative"	0.499042422963706
"10"	"negative"	"outgroup"	"negative"	0.440635546041887
"10"	"negative"	"outgroup"	"positive"	0.452356800713344
"10"	"negative"	"outgroup"	"positive"	0.409351855010743
"10"	"positive"	"ingroup"	"negative"	0.489372632175553
"10"	"negative"	"outgroup"	"negative"	0.340755494243463
"10"	"positive"	"outgroup"	"positive"	0.524410408187053
"10"	"negative"	"outgroup"	"negative"	0.652044818655243
"10"	"negative"	"ingroup"	"negative"	0.375203450394921
"10"	"negative"	"outgroup"	"negative"	0.385982119503003
"10"	"negative"	"ingroup"	"negative"	0.302957858373293
"10"	"negative"	"outgroup"	"negative"	0.413025080417391
"10"	"negative"	"outgroup"	"positive"	0.305407624822422
"10"	"negative"	"ingroup"	"negative"	0.529096739013216
"10"	"negative"	"ingroup"	"negative"	0.634366132978923
"10"	"negative"	"ingroup"	"negative"	0.937695263524292
"10"	"positive"	"outgroup"	"negative"	1.29797596415052
"10"	"negative"	"outgroup"	"negative"	0.512402077308486
"10"	"positive"	"outgroup"	"negative"	0.675634852901821
"10"	"positive"	"ingroup"	"positive"	0.411979677467938
"10"	"positive"	"ingroup"	"positive"	0.337715776224061
"10"	"negative"	"outgroup"	"negative"	0.43049539056315
"10"	"positive"	"ingroup"	"positive"	0.595582218015621
"10"	"positive"	"outgroup"	"positive"	0.418813039944051
"10"	"negative"	"ingroup"	"negative"	0.364690723581781
"10"	"positive"	"outgroup"	"positive"	0.476424210593648
"10"	"negative"	"ingroup"	"positive"	0.317818388048503
"10"	"negative"	"ingroup"	"negative"	0.353069532195923
"10"	"negative"	"ingroup"	"positive"	0.676935805968181
"10"	"positive"	"ingroup"	"negative"	0.319986612798113
"10"	"positive"	"ingroup"	"positive"	0.488157470776595
"10"	"positive"	"ingroup"	"positive"	0.298858800992129
"10"	"negative"	"ingroup"	"negative"	0.391277416230104
"10"	"negative"	"outgroup"	"negative"	0.32236322810139
"10"	"positive"	"outgroup"	"positive"	0.533317993896838
"10"	"positive"	"outgroup"	"negative"	0.449468091251217
"10"	"negative"	"ingroup"	"positive"	0.350351150560189
"10"	"negative"	"ingroup"	"positive"	0.309188744206297
"10"	"positive"	"ingroup"	"positive"	0.432568290108406
"10"	"negative"	"outgroup"	"negative"	0.383960765655928
"10"	"negative"	"outgroup"	"positive"	0.898230667517202
"10"	"negative"	"outgroup"	"negative"	0.41704990382946
"10"	"positive"	"ingroup"	"positive"	0.451088089285547
"10"	"negative"	"outgroup"	"positive"	0.416689502652757
"10"	"positive"	"outgroup"	"positive"	0.552221976265294
"10"	"positive"	"outgroup"	"negative"	0.681991774677958
"10"	"positive"	"ingroup"	"positive"	0.335357485589637
"10"	"positive"	"outgroup"	"negative"	0.41901729462051
"10"	"negative"	"outgroup"	"negative"	0.582059945082191
"10"	"positive"	"ingroup"	"positive"	0.640818448053557
"10"	"negative"	"ingroup"	"positive"	0.503207290654666
"10"	"negative"	"ingroup"	"negative"	0.678252476507179
"10"	"negative"	"ingroup"	"positive"	0.345616178511049
"10"	"positive"	"outgroup"	"positive"	0.396294552785942
"10"	"negative"	"ingroup"	"negative"	0.517881168823411
"10"	"negative"	"ingroup"	"positive"	0.418270512283472
"10"	"positive"	"outgroup"	"negative"	0.904675943948782
"10"	"positive"	"outgroup"	"positive"	0.443241966097807
"10"	"positive"	"ingroup"	"positive"	0.328083745581011
"10"	"negative"	"ingroup"	"negative"	0.323753149787825
"10"	"positive"	"outgroup"	"positive"	0.417693252968135
"10"	"negative"	"ingroup"	"positive"	0.411927442361869
"10"	"positive"	"outgroup"	"negative"	0.386717146358201
"11"	"positive"	"outgroup"	"negative"	0.419677943137899
"11"	"negative"	"outgroup"	"negative"	0.777514392204387
"11"	"negative"	"ingroup"	"positive"	0.518372294353502
"11"	"positive"	"ingroup"	"positive"	0.818000263746493
"11"	"negative"	"ingroup"	"negative"	0.332561846012343
"11"	"positive"	"outgroup"	"positive"	0.695269765590606
"11"	"positive"	"outgroup"	"positive"	0.743167576627889
"11"	"negative"	"outgroup"	"negative"	0.334725295402871
"11"	"positive"	"outgroup"	"positive"	0.895424122762128
"11"	"negative"	"outgroup"	"positive"	0.463213489582602
"11"	"positive"	"outgroup"	"positive"	0.535566216825849
"11"	"negative"	"outgroup"	"negative"	0.607426903065503
"11"	"negative"	"outgroup"	"negative"	0.410081795712309
"11"	"positive"	"outgroup"	"positive"	1.06615968800048
"11"	"positive"	"ingroup"	"positive"	0.457233825848109
"11"	"positive"	"ingroup"	"negative"	0.588695967588299
"11"	"positive"	"outgroup"	"negative"	0.458633242659562
"11"	"negative"	"ingroup"	"positive"	0.459681863326838
"11"	"negative"	"outgroup"	"negative"	0.33963196246561
"11"	"positive"	"ingroup"	"positive"	0.629912249235316
"11"	"positive"	"ingroup"	"positive"	0.362164430628311
"11"	"positive"	"ingroup"	"positive"	0.308674518585335
"11"	"positive"	"ingroup"	"negative"	0.976245963038635
"11"	"negative"	"outgroup"	"negative"	1.01869130467326
"11"	"positive"	"outgroup"	"positive"	1.1326804305116
"11"	"negative"	"ingroup"	"negative"	0.563416694857461
"11"	"negative"	"ingroup"	"negative"	0.42741906542519
"11"	"negative"	"ingroup"	"negative"	0.52185811764094
"11"	"negative"	"ingroup"	"negative"	0.473607765650306
"11"	"positive"	"outgroup"	"negative"	0.767050955221711
"11"	"negative"	"ingroup"	"negative"	0.568517817102587
"11"	"positive"	"outgroup"	"positive"	0.450598227374828
"11"	"positive"	"ingroup"	"positive"	0.491961345805523
"11"	"positive"	"ingroup"	"positive"	0.402036282334417
"11"	"positive"	"outgroup"	"positive"	0.624542177017265
"11"	"negative"	"ingroup"	"negative"	0.34956772797074
"11"	"negative"	"ingroup"	"negative"	0.340651636337408
"11"	"negative"	"ingroup"	"negative"	0.334085199015562
"11"	"negative"	"outgroup"	"negative"	0.51460718079981
"11"	"positive"	"ingroup"	"positive"	0.388239919309121
"11"	"negative"	"ingroup"	"negative"	0.405282369597488
"11"	"positive"	"ingroup"	"positive"	0.518128957218527
"11"	"negative"	"ingroup"	"negative"	0.400618591015268
"11"	"positive"	"ingroup"	"positive"	0.536760756399635
"11"	"negative"	"ingroup"	"negative"	0.755683964965501
"11"	"positive"	"outgroup"	"positive"	0.881348063714867
"11"	"positive"	"outgroup"	"positive"	0.634232733382243
"11"	"negative"	"ingroup"	"positive"	0.577507051384412
"11"	"negative"	"outgroup"	"negative"	0.487899910673818
"11"	"negative"	"outgroup"	"negative"	0.593735974003189
"11"	"negative"	"outgroup"	"negative"	0.448937776661237
"11"	"positive"	"ingroup"	"negative"	0.367493279758441
"11"	"negative"	"outgroup"	"negative"	0.464582440911359
"11"	"positive"	"outgroup"	"negative"	0.533530061515243
"11"	"negative"	"ingroup"	"negative"	0.41661147786943
"11"	"negative"	"outgroup"	"negative"	0.398344397817906
"11"	"positive"	"ingroup"	"positive"	0.328130685869234
"11"	"negative"	"ingroup"	"positive"	0.357676374594397
"11"	"negative"	"ingroup"	"negative"	0.349144967121742
"11"	"positive"	"outgroup"	"negative"	0.347179352515586
"11"	"positive"	"outgroup"	"positive"	0.416303702343066
"11"	"negative"	"outgroup"	"negative"	0.762436270186815
"11"	"positive"	"ingroup"	"positive"	0.51077191774103
"11"	"negative"	"outgroup"	"negative"	0.306619705755004
"11"	"negative"	"ingroup"	"positive"	0.596948687691295
"11"	"negative"	"outgroup"	"positive"	0.432149517330173
"11"	"negative"	"ingroup"	"negative"	0.447271851959859
"11"	"positive"	"outgroup"	"positive"	0.336684642395708
"11"	"positive"	"ingroup"	"positive"	0.430710852118554
"11"	"positive"	"outgroup"	"positive"	0.422000211792904
"11"	"negative"	"outgroup"	"negative"	0.326391408780304
"11"	"negative"	"ingroup"	"positive"	0.463826670676862
"11"	"positive"	"outgroup"	"positive"	0.607061375835155
"11"	"negative"	"outgroup"	"negative"	0.503223435545957
"11"	"negative"	"ingroup"	"negative"	0.707453361183426
"11"	"negative"	"outgroup"	"negative"	0.453482117291907
"11"	"negative"	"ingroup"	"negative"	0.458652637465508
"11"	"positive"	"ingroup"	"negative"	0.541430443476763
"11"	"negative"	"outgroup"	"negative"	0.770903659852016
"11"	"positive"	"outgroup"	"positive"	0.863555074779673
"11"	"positive"	"ingroup"	"positive"	0.351766742448971
"11"	"negative"	"outgroup"	"positive"	0.810877093652963
"11"	"positive"	"outgroup"	"positive"	0.35199610662869
"11"	"negative"	"ingroup"	"positive"	0.583330465198397
"11"	"negative"	"outgroup"	"positive"	0.605535763875901
"11"	"negative"	"outgroup"	"negative"	0.4935217302233
"11"	"positive"	"ingroup"	"negative"	0.454066184808493
"11"	"positive"	"outgroup"	"positive"	0.695074170577742
"11"	"negative"	"outgroup"	"negative"	0.35205460207929
"11"	"positive"	"ingroup"	"positive"	0.451697316119136
"11"	"positive"	"outgroup"	"negative"	0.476926721769417
"11"	"positive"	"ingroup"	"negative"	0.355596990524705
"11"	"positive"	"ingroup"	"negative"	0.772866784985664
"11"	"negative"	"ingroup"	"negative"	0.678454545369515
"11"	"negative"	"ingroup"	"negative"	0.823501561756093
"11"	"negative"	"outgroup"	"negative"	0.375118579533669
"11"	"positive"	"ingroup"	"positive"	0.666764634122093
"11"	"positive"	"outgroup"	"positive"	0.411267718133424
"11"	"positive"	"ingroup"	"positive"	0.421796243390908
"11"	"negative"	"outgroup"	"negative"	0.315786458769447
"11"	"negative"	"ingroup"	"positive"	0.595207785382842
"11"	"positive"	"outgroup"	"positive"	0.345765388117821
"11"	"negative"	"outgroup"	"positive"	0.383260303569915
"11"	"negative"	"ingroup"	"negative"	0.691269210637008
"11"	"positive"	"ingroup"	"positive"	0.601649817932735
"11"	"negative"	"outgroup"	"positive"	1.36702209910581
"11"	"negative"	"outgroup"	"negative"	0.622072537311663
"11"	"negative"	"outgroup"	"negative"	0.388460169963619
"11"	"negative"	"outgroup"	"negative"	0.364801526166498
"11"	"negative"	"outgroup"	"negative"	0.378092385893057
"11"	"negative"	"ingroup"	"positive"	0.653354680273383
"11"	"positive"	"outgroup"	"negative"	1.11386509918756
"11"	"positive"	"outgroup"	"positive"	0.433274072347109
"11"	"negative"	"ingroup"	"positive"	0.413531278486008
"11"	"positive"	"ingroup"	"positive"	0.725821877805271
"11"	"positive"	"outgroup"	"negative"	0.404774152854277
"11"	"positive"	"outgroup"	"positive"	0.547728887308098
"11"	"positive"	"ingroup"	"positive"	0.410891987817659
"11"	"positive"	"outgroup"	"negative"	0.363684490415808
"11"	"positive"	"ingroup"	"positive"	0.337246119303465
"11"	"negative"	"ingroup"	"negative"	0.465543340189342
"11"	"negative"	"ingroup"	"negative"	0.703732383781815
"11"	"negative"	"outgroup"	"negative"	0.591264192650365
"11"	"positive"	"ingroup"	"negative"	0.395915712805209
"11"	"negative"	"ingroup"	"positive"	0.384949774287957
"11"	"positive"	"ingroup"	"positive"	0.428128261966445
"11"	"negative"	"outgroup"	"negative"	0.49774441927856
"11"	"positive"	"outgroup"	"positive"	0.91526226463605
"11"	"positive"	"outgroup"	"positive"	0.360124039601515
"11"	"positive"	"ingroup"	"positive"	0.303935762406108
"11"	"negative"	"ingroup"	"negative"	0.479766215178363
"11"	"negative"	"ingroup"	"negative"	0.499176387740877
"11"	"positive"	"ingroup"	"negative"	0.786556850290175
"11"	"positive"	"ingroup"	"positive"	0.532821647491166
"11"	"negative"	"outgroup"	"positive"	0.359011646004991
"11"	"positive"	"ingroup"	"positive"	0.386185056849483
"11"	"positive"	"outgroup"	"positive"	0.735425639180513
"11"	"positive"	"ingroup"	"positive"	0.451522600045247
"11"	"positive"	"outgroup"	"positive"	0.440596684105747
"11"	"negative"	"ingroup"	"negative"	0.846448481471059
"11"	"negative"	"outgroup"	"positive"	0.412220924617539
"11"	"positive"	"ingroup"	"negative"	0.411413088424304
"11"	"negative"	"outgroup"	"negative"	0.407182784513361
"11"	"positive"	"ingroup"	"positive"	0.34518703154306
"11"	"positive"	"outgroup"	"positive"	0.602651035106837
"11"	"positive"	"ingroup"	"positive"	0.523812202576054
"11"	"negative"	"outgroup"	"positive"	0.454489339862984
"11"	"positive"	"ingroup"	"positive"	0.650219375532442
"11"	"positive"	"ingroup"	"positive"	0.309440420554119
"11"	"positive"	"ingroup"	"negative"	0.646069199135515
"11"	"negative"	"ingroup"	"negative"	0.489037346046714
"11"	"positive"	"ingroup"	"positive"	0.720331179245964
"11"	"positive"	"ingroup"	"negative"	0.422495880812109
"11"	"negative"	"ingroup"	"negative"	0.372231243528325
"11"	"positive"	"ingroup"	"positive"	0.329752932370329
"11"	"negative"	"outgroup"	"negative"	0.447497394317207
"11"	"negative"	"outgroup"	"negative"	0.407878891818978
"11"	"negative"	"outgroup"	"negative"	0.544324690766072
"11"	"positive"	"outgroup"	"positive"	0.434755849175909
"11"	"positive"	"ingroup"	"positive"	0.341786848592981
"11"	"negative"	"ingroup"	"negative"	0.343117525841341
"11"	"negative"	"ingroup"	"negative"	0.373456269189875
"11"	"positive"	"ingroup"	"negative"	0.499018453636309
"11"	"positive"	"outgroup"	"positive"	1.13162405866708
"11"	"negative"	"outgroup"	"negative"	0.315397006259518
"11"	"negative"	"outgroup"	"negative"	0.588697490165573
"11"	"positive"	"outgroup"	"positive"	0.337199167970118
"11"	"positive"	"outgroup"	"positive"	0.48490192220487
"11"	"positive"	"ingroup"	"positive"	0.348204149270844
"11"	"positive"	"outgroup"	"positive"	0.457911530173555
"11"	"positive"	"ingroup"	"positive"	0.357743751594699
"11"	"positive"	"ingroup"	"positive"	0.457285979799989
"11"	"positive"	"ingroup"	"positive"	0.384996691785517
"11"	"positive"	"outgroup"	"negative"	0.546823764396624
"11"	"positive"	"outgroup"	"positive"	0.562207822613506
"11"	"negative"	"outgroup"	"negative"	0.45048607607147
"11"	"negative"	"outgroup"	"negative"	0.605247129677898
"11"	"positive"	"ingroup"	"positive"	0.353408806584891
"11"	"negative"	"outgroup"	"negative"	0.430684761931991
"11"	"negative"	"outgroup"	"negative"	0.363125395631773
"11"	"negative"	"ingroup"	"negative"	0.465305060814636
"11"	"positive"	"outgroup"	"positive"	1.13053856328064
"11"	"positive"	"outgroup"	"positive"	0.485879506973062
"11"	"positive"	"outgroup"	"positive"	0.667474065989682
"11"	"negative"	"outgroup"	"negative"	0.491154537923396
"11"	"negative"	"outgroup"	"negative"	0.436941463147625
"11"	"positive"	"outgroup"	"positive"	0.448877493060128
"11"	"positive"	"ingroup"	"negative"	0.629058383712419
"11"	"negative"	"ingroup"	"positive"	0.344965503111451
"11"	"positive"	"outgroup"	"positive"	0.534443824058863
"11"	"negative"	"outgroup"	"negative"	0.356394888161153
"11"	"positive"	"ingroup"	"positive"	0.390517910351248
"11"	"positive"	"outgroup"	"positive"	0.677352296853537
"11"	"negative"	"ingroup"	"negative"	0.35455259282373
"11"	"negative"	"ingroup"	"negative"	0.363575183028517
"11"	"negative"	"ingroup"	"positive"	0.441410293712351
"11"	"negative"	"ingroup"	"positive"	0.679397551898558
"11"	"positive"	"ingroup"	"positive"	0.57403284616513
"11"	"negative"	"ingroup"	"positive"	0.50589406603908
"11"	"positive"	"ingroup"	"positive"	0.329155894839026
"11"	"negative"	"outgroup"	"negative"	0.506133098780236
"11"	"negative"	"ingroup"	"negative"	0.47593071911835
"11"	"negative"	"ingroup"	"negative"	0.543200113319946
"11"	"negative"	"ingroup"	"negative"	0.357381504160809
"11"	"negative"	"ingroup"	"positive"	0.462965859490126
"11"	"negative"	"outgroup"	"negative"	0.456932875936003
"11"	"negative"	"ingroup"	"negative"	0.421834597773533
"11"	"positive"	"ingroup"	"positive"	0.33391051758565
"11"	"negative"	"outgroup"	"positive"	0.58431835623678
"11"	"positive"	"outgroup"	"positive"	1.01338140161346
"11"	"positive"	"outgroup"	"negative"	0.399721700909862
"11"	"negative"	"ingroup"	"negative"	0.672179996196881
"11"	"negative"	"ingroup"	"negative"	0.689279148827534
"11"	"positive"	"outgroup"	"negative"	0.315982993091332
"11"	"positive"	"ingroup"	"positive"	0.363239000217032
"11"	"positive"	"outgroup"	"positive"	0.348013510733544
"11"	"positive"	"outgroup"	"positive"	0.637258795958122
"11"	"positive"	"ingroup"	"positive"	0.317480122109584
"11"	"negative"	"ingroup"	"positive"	0.316333673022075
"11"	"negative"	"ingroup"	"negative"	0.660466368459949
"11"	"negative"	"ingroup"	"negative"	0.40567295515487
"11"	"negative"	"ingroup"	"negative"	1.02177666675626
"11"	"negative"	"ingroup"	"negative"	0.329065197751487
"11"	"negative"	"outgroup"	"negative"	0.340859565764205
"11"	"positive"	"outgroup"	"negative"	0.53730676184725
"11"	"positive"	"outgroup"	"negative"	0.609322491849708
"11"	"negative"	"outgroup"	"positive"	0.513542547568662
"11"	"negative"	"outgroup"	"positive"	0.404190354787039
"11"	"negative"	"ingroup"	"negative"	0.405008065638502
"11"	"positive"	"outgroup"	"positive"	0.3905684328327
"11"	"positive"	"outgroup"	"positive"	0.36822277212552
"11"	"positive"	"ingroup"	"negative"	0.496504676652145
"11"	"negative"	"ingroup"	"negative"	0.304076124991907
"11"	"negative"	"ingroup"	"negative"	0.443006936049691
"11"	"negative"	"outgroup"	"negative"	0.376190366604753
"11"	"positive"	"ingroup"	"positive"	0.425295184310516
"11"	"positive"	"ingroup"	"negative"	0.433823545317912
"11"	"negative"	"ingroup"	"negative"	1.58453044209941
"11"	"positive"	"ingroup"	"positive"	0.584034018377578
"11"	"positive"	"ingroup"	"positive"	0.56296175345131
"11"	"positive"	"ingroup"	"positive"	0.981831666628428
"11"	"negative"	"outgroup"	"negative"	0.946950230858129
"11"	"positive"	"outgroup"	"positive"	0.796796947563453
"11"	"positive"	"outgroup"	"positive"	0.511093357598944
"11"	"positive"	"outgroup"	"positive"	0.338611458396256
"11"	"negative"	"ingroup"	"negative"	0.653423589369806
"11"	"negative"	"ingroup"	"negative"	0.846470739577452
"11"	"positive"	"ingroup"	"positive"	0.558000892369813
"11"	"negative"	"outgroup"	"negative"	0.347176979263019
"11"	"positive"	"ingroup"	"positive"	0.507271542749882
"11"	"positive"	"ingroup"	"positive"	0.42974170715178
"11"	"negative"	"ingroup"	"negative"	0.43912590077777
"11"	"negative"	"outgroup"	"negative"	0.40905121238107
"11"	"positive"	"ingroup"	"positive"	0.732176673971395
"11"	"negative"	"ingroup"	"positive"	0.457425869244702
"11"	"positive"	"ingroup"	"positive"	0.505165265574045
"11"	"positive"	"outgroup"	"negative"	0.308744229591961
"11"	"positive"	"ingroup"	"positive"	0.528170347054129
"11"	"negative"	"outgroup"	"negative"	0.890190853371066
"11"	"negative"	"outgroup"	"positive"	0.647616157751428
"11"	"positive"	"ingroup"	"positive"	0.34155454804393
"11"	"negative"	"outgroup"	"positive"	0.498824600433859
"11"	"negative"	"ingroup"	"positive"	0.403784915098335
"11"	"negative"	"outgroup"	"positive"	0.372984711743725
"11"	"positive"	"outgroup"	"positive"	0.394856942768042
"11"	"positive"	"outgroup"	"positive"	0.603581528379524
"11"	"positive"	"outgroup"	"positive"	0.457484380914207
"11"	"negative"	"ingroup"	"positive"	0.502086917505357
"11"	"positive"	"ingroup"	"positive"	0.621206989182341
"11"	"negative"	"outgroup"	"negative"	0.700784991091798
"11"	"negative"	"ingroup"	"negative"	0.387467323968731
"11"	"positive"	"ingroup"	"negative"	0.535717229575106
"11"	"positive"	"outgroup"	"positive"	0.622300230296945
"11"	"positive"	"ingroup"	"positive"	0.38947112375094
"11"	"positive"	"ingroup"	"negative"	0.457792811070314
"11"	"positive"	"outgroup"	"positive"	0.799471468567126
"11"	"positive"	"ingroup"	"positive"	0.357882914341855
"11"	"positive"	"ingroup"	"positive"	0.654501201699018
"11"	"negative"	"outgroup"	"positive"	0.37626409229257
"11"	"positive"	"outgroup"	"positive"	0.460128459633327
"11"	"negative"	"ingroup"	"positive"	0.307167592709086
"11"	"positive"	"ingroup"	"positive"	0.423910403633135
"11"	"positive"	"outgroup"	"negative"	0.400446128185065
"11"	"positive"	"outgroup"	"negative"	0.4049878488196
"11"	"negative"	"ingroup"	"positive"	0.321724640562581
"11"	"positive"	"ingroup"	"positive"	0.457925183900043
"11"	"negative"	"ingroup"	"negative"	0.610327508945504
"11"	"negative"	"ingroup"	"negative"	0.380384925085165
"11"	"negative"	"ingroup"	"positive"	0.695930872291009
"11"	"negative"	"ingroup"	"negative"	0.405541781413205
"11"	"positive"	"ingroup"	"positive"	0.692053534901862
"11"	"negative"	"outgroup"	"negative"	0.82365109861677
"11"	"negative"	"ingroup"	"negative"	0.71608852186399
"11"	"positive"	"ingroup"	"positive"	0.491861973085668
"11"	"positive"	"outgroup"	"positive"	0.292296696953203
"11"	"positive"	"ingroup"	"positive"	0.691738028224036
"11"	"negative"	"ingroup"	"positive"	0.451867947324501
"11"	"negative"	"outgroup"	"positive"	0.337637648401154
"11"	"negative"	"outgroup"	"positive"	0.799666644732228
"11"	"positive"	"ingroup"	"positive"	0.870966754037456
"11"	"negative"	"ingroup"	"positive"	0.744133704862586
"11"	"negative"	"outgroup"	"negative"	2.0288143169964
"11"	"negative"	"ingroup"	"negative"	0.501071106532284
"11"	"positive"	"ingroup"	"positive"	0.442473742626537
"11"	"negative"	"outgroup"	"positive"	0.507452871043343
"11"	"positive"	"outgroup"	"positive"	0.42175758572509
"11"	"positive"	"ingroup"	"positive"	0.4794076380135
"11"	"positive"	"outgroup"	"positive"	0.379912895301542
"11"	"negative"	"outgroup"	"negative"	0.545298853011164
"11"	"negative"	"ingroup"	"negative"	0.455738762844599
"11"	"positive"	"ingroup"	"positive"	0.347586700903965
"11"	"negative"	"outgroup"	"negative"	0.438691304128738
"11"	"negative"	"ingroup"	"negative"	0.418083383767138
"11"	"positive"	"outgroup"	"negative"	0.481876646986369
"11"	"positive"	"outgroup"	"positive"	0.863467400821628
"11"	"positive"	"outgroup"	"negative"	0.650891540970144
"11"	"negative"	"outgroup"	"negative"	1.22962469301887
"11"	"positive"	"outgroup"	"positive"	0.39897010753861
"11"	"positive"	"ingroup"	"negative"	0.408343355757674
"11"	"negative"	"ingroup"	"negative"	0.393613925161839
"11"	"negative"	"outgroup"	"negative"	0.404224137493425
"11"	"negative"	"outgroup"	"negative"	0.639060543804699
"11"	"negative"	"ingroup"	"negative"	0.50869012531599
"11"	"negative"	"outgroup"	"negative"	0.618445330398589
"11"	"negative"	"ingroup"	"negative"	0.444306649046027
"11"	"negative"	"outgroup"	"negative"	0.849721041889009
"11"	"positive"	"ingroup"	"positive"	0.400224049264053
"11"	"positive"	"outgroup"	"positive"	0.368709283249331
"11"	"negative"	"outgroup"	"negative"	0.56515042210209
"11"	"negative"	"ingroup"	"negative"	0.438736605554943
"11"	"negative"	"ingroup"	"positive"	0.622870491312482
"11"	"negative"	"ingroup"	"negative"	0.485513908341734
"11"	"negative"	"ingroup"	"positive"	1.2704814536395
"11"	"positive"	"outgroup"	"positive"	0.408639856421546
"11"	"positive"	"outgroup"	"positive"	0.384797168284181
"11"	"positive"	"ingroup"	"positive"	0.876153286491535
"11"	"negative"	"outgroup"	"negative"	0.774282523299682
"11"	"positive"	"outgroup"	"positive"	0.767699748995816
"11"	"negative"	"outgroup"	"negative"	0.688693627734709
"11"	"negative"	"ingroup"	"negative"	0.705378955625762
"11"	"negative"	"outgroup"	"negative"	0.327815738246412
"11"	"negative"	"outgroup"	"negative"	0.922299895522976
"11"	"positive"	"outgroup"	"positive"	0.312335933336275
"11"	"positive"	"ingroup"	"positive"	0.361415602079531
"11"	"negative"	"ingroup"	"negative"	0.581002420554291
"11"	"positive"	"ingroup"	"positive"	0.819886594545413
"11"	"positive"	"ingroup"	"negative"	0.35317327749986
"11"	"positive"	"outgroup"	"positive"	0.408485582813766
"11"	"negative"	"outgroup"	"positive"	0.530845495780392
"11"	"positive"	"outgroup"	"positive"	0.360068560059525
"11"	"negative"	"ingroup"	"negative"	0.337048914048264
"11"	"positive"	"ingroup"	"positive"	0.463256664134666
"11"	"negative"	"outgroup"	"negative"	0.450484014861722
"11"	"negative"	"outgroup"	"negative"	0.469360990377086
"11"	"negative"	"outgroup"	"negative"	0.442940716344911
"11"	"positive"	"ingroup"	"negative"	0.332855531266514
"11"	"negative"	"ingroup"	"positive"	0.371602868626906
"11"	"positive"	"ingroup"	"positive"	0.463844887675825
"11"	"positive"	"outgroup"	"positive"	0.347747880202246
"11"	"positive"	"outgroup"	"positive"	0.481239445462834
"11"	"positive"	"ingroup"	"positive"	0.916280118453312
"11"	"negative"	"outgroup"	"negative"	0.53658967107317
"11"	"positive"	"outgroup"	"positive"	0.484199585081611
"11"	"negative"	"outgroup"	"positive"	0.509015814240138
"11"	"positive"	"ingroup"	"positive"	0.548794532848999
"11"	"positive"	"outgroup"	"positive"	0.367857869052697
"11"	"positive"	"outgroup"	"negative"	0.39723385559658
"11"	"positive"	"outgroup"	"positive"	0.326826231601199
"11"	"negative"	"outgroup"	"negative"	0.403036939966861
"11"	"negative"	"outgroup"	"negative"	0.888435203265201
"11"	"negative"	"ingroup"	"negative"	0.48522434224093
"11"	"positive"	"outgroup"	"positive"	0.578856066085039
"11"	"negative"	"outgroup"	"negative"	0.576070060595207
"11"	"negative"	"ingroup"	"negative"	0.369880712685976
"11"	"negative"	"ingroup"	"negative"	0.402360641613457
"11"	"negative"	"ingroup"	"negative"	0.666855660912083
"11"	"negative"	"outgroup"	"negative"	0.450765574443518
"11"	"positive"	"outgroup"	"positive"	0.372685533541271
"11"	"negative"	"outgroup"	"negative"	0.438855380036036
"11"	"positive"	"outgroup"	"positive"	0.331905288256671
"11"	"positive"	"ingroup"	"positive"	0.839524799059439
"11"	"negative"	"ingroup"	"negative"	0.347801792082968
"11"	"positive"	"outgroup"	"positive"	0.375352886126904
"11"	"negative"	"outgroup"	"negative"	0.43706760382898
"11"	"positive"	"ingroup"	"negative"	0.453389079699433
"11"	"negative"	"ingroup"	"negative"	0.638628040428264
"11"	"positive"	"outgroup"	"positive"	0.387257039549668
"11"	"positive"	"outgroup"	"negative"	0.382773138388546
"11"	"negative"	"ingroup"	"negative"	0.694862542495983
"11"	"positive"	"ingroup"	"positive"	0.440985428011732
"11"	"negative"	"outgroup"	"negative"	0.370447978546193
"11"	"negative"	"outgroup"	"negative"	0.361755246178896
"11"	"positive"	"ingroup"	"positive"	0.370625230796933
"11"	"positive"	"outgroup"	"negative"	0.416361630724975
"11"	"negative"	"ingroup"	"negative"	0.424669595246938
"11"	"negative"	"outgroup"	"negative"	0.892280676671471
"11"	"positive"	"outgroup"	"positive"	0.71736405470897
"11"	"positive"	"ingroup"	"positive"	0.637267411120981
"11"	"positive"	"ingroup"	"positive"	0.46288097639287
"11"	"negative"	"ingroup"	"positive"	0.400895039715099
"11"	"negative"	"ingroup"	"positive"	0.313760822536061
"11"	"negative"	"outgroup"	"negative"	0.430414242616997
"11"	"positive"	"ingroup"	"positive"	0.548926547949262
"11"	"positive"	"outgroup"	"negative"	0.760338662008644
"11"	"negative"	"ingroup"	"positive"	0.360611422566455
"11"	"positive"	"ingroup"	"negative"	0.434691430441009
"11"	"positive"	"outgroup"	"positive"	0.393301532057404
"11"	"positive"	"outgroup"	"negative"	0.301941160584552
"11"	"positive"	"outgroup"	"negative"	0.718237941973891
"11"	"negative"	"outgroup"	"positive"	0.326634529919276
"11"	"negative"	"ingroup"	"negative"	0.368521357673271
"11"	"negative"	"outgroup"	"negative"	0.691820854670562
"11"	"negative"	"outgroup"	"negative"	0.784300584660839
"11"	"positive"	"outgroup"	"negative"	0.678473715123588
"11"	"negative"	"outgroup"	"negative"	0.289243792008955
"11"	"positive"	"ingroup"	"positive"	0.363770540700323
"11"	"positive"	"outgroup"	"negative"	0.608484575010937
"11"	"positive"	"ingroup"	"positive"	0.39452555809513
"11"	"positive"	"ingroup"	"positive"	0.347986333928662
"11"	"positive"	"outgroup"	"negative"	0.445532808626916
"11"	"negative"	"ingroup"	"negative"	0.349715427318499
"11"	"positive"	"outgroup"	"negative"	0.435635075035699
"11"	"positive"	"ingroup"	"positive"	0.483480142923049
"11"	"negative"	"outgroup"	"negative"	0.510911611027717
"11"	"negative"	"outgroup"	"positive"	0.550797876859953
"11"	"positive"	"outgroup"	"positive"	0.771202942705018
"11"	"positive"	"outgroup"	"positive"	0.625561486270827
"11"	"positive"	"ingroup"	"positive"	0.79120089856004
"11"	"positive"	"outgroup"	"negative"	0.473900810014877
"11"	"negative"	"outgroup"	"negative"	0.654187294235115
"11"	"positive"	"ingroup"	"positive"	0.380595371493846
"11"	"positive"	"outgroup"	"negative"	0.695937007804752
"11"	"positive"	"ingroup"	"positive"	0.505954576396986
"11"	"negative"	"outgroup"	"negative"	0.332042668162068
"11"	"negative"	"outgroup"	"negative"	0.659465364174434
"11"	"negative"	"outgroup"	"positive"	0.402711495600588
"11"	"positive"	"outgroup"	"positive"	0.361925987745482
"11"	"negative"	"ingroup"	"negative"	0.327630521136701
"11"	"negative"	"outgroup"	"positive"	0.536040429043977
"11"	"negative"	"ingroup"	"negative"	0.439672192046876
"11"	"positive"	"outgroup"	"positive"	0.33087295591694
"11"	"positive"	"ingroup"	"negative"	0.481843231686146
"11"	"positive"	"outgroup"	"positive"	0.5795167244111
"11"	"negative"	"ingroup"	"negative"	0.367162109479953
"11"	"negative"	"ingroup"	"positive"	0.622659620919722
"11"	"negative"	"ingroup"	"negative"	0.49804882261779
"11"	"negative"	"outgroup"	"negative"	0.630633249763406
"11"	"negative"	"outgroup"	"negative"	0.330234089603634
"11"	"positive"	"outgroup"	"positive"	0.436851964996329
"11"	"positive"	"ingroup"	"positive"	0.477459638779941
"11"	"negative"	"ingroup"	"negative"	1.32151676856204
"11"	"negative"	"ingroup"	"negative"	0.572773633809701
"11"	"negative"	"outgroup"	"negative"	0.458357876508397
"11"	"positive"	"outgroup"	"positive"	0.364755523549255
"11"	"negative"	"ingroup"	"negative"	0.47410849800183
"11"	"negative"	"outgroup"	"negative"	0.350684543719778
"11"	"positive"	"ingroup"	"negative"	0.767876352890037
"11"	"negative"	"outgroup"	"negative"	0.322046647981025
"11"	"negative"	"ingroup"	"positive"	0.549849816767483
"11"	"positive"	"outgroup"	"positive"	0.725948263394129
"12"	"negative"	"outgroup"	"negative"	0.46237361623236
"12"	"positive"	"ingroup"	"positive"	0.443103966252579
"12"	"negative"	"outgroup"	"negative"	0.280106032320607
"12"	"negative"	"ingroup"	"negative"	0.506426504377331
"12"	"negative"	"ingroup"	"positive"	0.395490370346422
"12"	"negative"	"ingroup"	"negative"	0.338642709935854
"12"	"positive"	"outgroup"	"positive"	0.620793273177875
"12"	"negative"	"ingroup"	"negative"	0.283661588555954
"12"	"negative"	"outgroup"	"positive"	0.493581341288894
"12"	"negative"	"ingroup"	"positive"	0.217177738383469
"12"	"positive"	"ingroup"	"positive"	0.223691401291433
"12"	"negative"	"outgroup"	"negative"	0.471266250382775
"12"	"negative"	"ingroup"	"negative"	0.292033776607206
"12"	"negative"	"ingroup"	"positive"	0.308294832816395
"12"	"positive"	"outgroup"	"positive"	0.477120962983132
"12"	"positive"	"outgroup"	"positive"	0.347019398266796
"12"	"negative"	"outgroup"	"negative"	0.590364912319166
"12"	"negative"	"ingroup"	"negative"	0.540388316405109
"12"	"negative"	"outgroup"	"negative"	0.751255871844665
"12"	"positive"	"ingroup"	"positive"	0.265565468770462
"12"	"negative"	"ingroup"	"positive"	0.515747008777855
"12"	"negative"	"outgroup"	"negative"	0.251421385085918
"12"	"negative"	"outgroup"	"positive"	0.334367066310301
"12"	"positive"	"outgroup"	"positive"	0.463334794000441
"12"	"positive"	"outgroup"	"negative"	0.189226381600462
"12"	"positive"	"ingroup"	"negative"	0.629832651812609
"12"	"negative"	"outgroup"	"negative"	0.253389924745702
"12"	"negative"	"ingroup"	"negative"	0.390257780584272
"12"	"positive"	"ingroup"	"positive"	0.609204456419743
"12"	"negative"	"ingroup"	"positive"	0.325823787294156
"12"	"negative"	"outgroup"	"negative"	0.365619087233873
"12"	"negative"	"outgroup"	"negative"	0.372628440227962
"12"	"negative"	"outgroup"	"negative"	0.266491916641981
"12"	"negative"	"ingroup"	"negative"	0.369903141764547
"12"	"negative"	"outgroup"	"negative"	0.258061070246898
"12"	"negative"	"ingroup"	"negative"	0.264298071629539
"12"	"negative"	"outgroup"	"negative"	0.24908932413509
"12"	"positive"	"ingroup"	"positive"	0.282715012181466
"12"	"negative"	"ingroup"	"positive"	0.208727377929011
"12"	"positive"	"ingroup"	"positive"	0.31935286673238
"12"	"positive"	"outgroup"	"negative"	0.37207260752589
"12"	"negative"	"outgroup"	"negative"	0.323809798799514
"12"	"positive"	"outgroup"	"positive"	0.424281710574574
"12"	"negative"	"ingroup"	"negative"	0.625843388599317
"12"	"negative"	"ingroup"	"negative"	0.400977723250542
"12"	"negative"	"outgroup"	"negative"	0.376340441206131
"12"	"positive"	"outgroup"	"positive"	0.833474552743866
"12"	"positive"	"ingroup"	"positive"	0.229053707215429
"12"	"positive"	"ingroup"	"positive"	0.254722148019933
"12"	"negative"	"outgroup"	"negative"	0.392786721491972
"12"	"negative"	"outgroup"	"negative"	0.246745399440342
"12"	"negative"	"outgroup"	"negative"	0.519602234173721
"12"	"positive"	"outgroup"	"negative"	0.687542928449485
"12"	"negative"	"ingroup"	"negative"	0.355963667153707
"12"	"positive"	"outgroup"	"negative"	0.63089796890146
"12"	"negative"	"ingroup"	"positive"	0.339997098053701
"12"	"negative"	"ingroup"	"negative"	1.16844370985421
"12"	"positive"	"ingroup"	"positive"	0.358245439655754
"12"	"negative"	"ingroup"	"negative"	0.451795151657332
"12"	"positive"	"ingroup"	"negative"	0.285169930598344
"12"	"negative"	"ingroup"	"negative"	0.348621083704276
"12"	"negative"	"outgroup"	"positive"	0.332079644070921
"12"	"positive"	"outgroup"	"positive"	0.666963315863601
"12"	"positive"	"ingroup"	"positive"	0.214141975468298
"12"	"negative"	"ingroup"	"negative"	0.917843518480784
"12"	"positive"	"ingroup"	"positive"	0.201755003297292
"12"	"positive"	"outgroup"	"negative"	0.321828820936608
"12"	"positive"	"outgroup"	"positive"	0.600175036029665
"12"	"negative"	"outgroup"	"negative"	0.723888925397533
"12"	"positive"	"ingroup"	"positive"	0.199826327034636
"12"	"negative"	"ingroup"	"negative"	0.369572233421411
"12"	"positive"	"ingroup"	"positive"	0.628174350956933
"12"	"negative"	"ingroup"	"positive"	0.231403487339138
"12"	"negative"	"ingroup"	"negative"	0.427962066277126
"12"	"negative"	"outgroup"	"negative"	0.619968750448158
"12"	"negative"	"outgroup"	"negative"	0.292828848879912
"12"	"positive"	"ingroup"	"positive"	0.242176712041077
"12"	"positive"	"ingroup"	"positive"	0.5775698796711
"12"	"positive"	"ingroup"	"negative"	0.442071614075905
"12"	"positive"	"outgroup"	"positive"	0.844518089321108
"12"	"negative"	"ingroup"	"positive"	0.24578374559233
"12"	"negative"	"ingroup"	"positive"	0.199945486445778
"12"	"negative"	"ingroup"	"negative"	0.34137960911802
"12"	"positive"	"ingroup"	"negative"	0.760396622420134
"12"	"positive"	"ingroup"	"positive"	0.868456708582489
"12"	"negative"	"ingroup"	"negative"	0.876696907875991
"12"	"positive"	"outgroup"	"negative"	0.386956527514098
"12"	"positive"	"outgroup"	"negative"	0.437078350031749
"12"	"negative"	"ingroup"	"negative"	0.38439057140905
"12"	"negative"	"outgroup"	"positive"	0.344346094823443
"12"	"positive"	"outgroup"	"negative"	0.305211665584345
"12"	"positive"	"ingroup"	"positive"	0.752578250487152
"12"	"negative"	"ingroup"	"negative"	0.246011278733366
"12"	"negative"	"outgroup"	"negative"	0.66457005506657
"12"	"negative"	"outgroup"	"negative"	0.755372487289414
"12"	"positive"	"outgroup"	"positive"	0.518185148847556
"12"	"positive"	"outgroup"	"positive"	0.324762610812842
"12"	"positive"	"outgroup"	"positive"	1.44386183889192
"12"	"negative"	"outgroup"	"negative"	0.306921760808432
"12"	"positive"	"outgroup"	"negative"	0.355390509824464
"12"	"negative"	"ingroup"	"positive"	0.353294907195602
"12"	"positive"	"ingroup"	"positive"	0.221176603195536
"12"	"negative"	"ingroup"	"positive"	0.304163594621886
"12"	"negative"	"outgroup"	"negative"	0.874072211128599
"12"	"negative"	"outgroup"	"negative"	0.324331577916069
"12"	"positive"	"ingroup"	"negative"	0.948957231490774
"12"	"negative"	"ingroup"	"positive"	0.295266638231041
"12"	"positive"	"ingroup"	"positive"	0.482370250930553
"12"	"negative"	"ingroup"	"negative"	0.692848321545413
"12"	"negative"	"ingroup"	"negative"	1.0074945055117
"12"	"positive"	"outgroup"	"negative"	0.798293049138579
"12"	"negative"	"ingroup"	"negative"	0.795455977856831
"12"	"positive"	"ingroup"	"positive"	0.292396216615015
"12"	"negative"	"ingroup"	"negative"	0.529874819706211
"12"	"negative"	"ingroup"	"negative"	0.655370922455979
"12"	"negative"	"outgroup"	"negative"	0.297251097790805
"12"	"positive"	"ingroup"	"positive"	0.293369665187915
"12"	"negative"	"outgroup"	"negative"	0.209976332127052
"12"	"positive"	"outgroup"	"positive"	0.722391725010043
"12"	"negative"	"ingroup"	"positive"	0.224932128340351
"12"	"positive"	"outgroup"	"negative"	0.244572794584374
"12"	"negative"	"outgroup"	"negative"	0.293325911441839
"12"	"negative"	"ingroup"	"positive"	0.26268949045018
"12"	"positive"	"outgroup"	"positive"	0.669538823255971
"12"	"negative"	"outgroup"	"negative"	0.278219839504387
"12"	"positive"	"ingroup"	"positive"	0.418556729761408
"12"	"negative"	"ingroup"	"positive"	0.272330007970431
"12"	"negative"	"outgroup"	"negative"	0.285705633388533
"12"	"positive"	"outgroup"	"positive"	0.311201897761177
"12"	"negative"	"outgroup"	"negative"	0.294571940170745
"12"	"negative"	"outgroup"	"positive"	0.396357321521534
"12"	"positive"	"outgroup"	"negative"	0.249939700167651
"12"	"positive"	"ingroup"	"positive"	0.296315843031286
"12"	"positive"	"outgroup"	"positive"	0.440443393241456
"12"	"positive"	"ingroup"	"negative"	0.908655547430087
"12"	"negative"	"outgroup"	"negative"	0.412905071494447
"12"	"positive"	"ingroup"	"positive"	0.761628658129141
"12"	"negative"	"outgroup"	"positive"	0.445857730284513
"12"	"positive"	"ingroup"	"positive"	0.470342026773664
"12"	"positive"	"outgroup"	"positive"	0.436810666797854
"12"	"negative"	"ingroup"	"positive"	0.190276958966993
"12"	"negative"	"outgroup"	"negative"	0.483694808133165
"12"	"positive"	"outgroup"	"positive"	0.298493907830059
"12"	"positive"	"outgroup"	"positive"	0.249607708133865
"12"	"negative"	"outgroup"	"negative"	0.26794626787498
"12"	"positive"	"outgroup"	"negative"	0.195154699655716
"12"	"positive"	"ingroup"	"positive"	0.28668131091243
"12"	"negative"	"ingroup"	"negative"	0.28373507997239
"12"	"positive"	"outgroup"	"positive"	0.350385720607997
"12"	"positive"	"outgroup"	"negative"	0.562972374313394
"12"	"negative"	"outgroup"	"positive"	0.287731283692291
"12"	"positive"	"outgroup"	"positive"	0.435133585970522
"12"	"negative"	"ingroup"	"negative"	0.818234308561059
"12"	"positive"	"outgroup"	"positive"	0.314597391549498
"12"	"positive"	"ingroup"	"positive"	0.316122166101095
"12"	"positive"	"outgroup"	"negative"	0.195092028959143
"12"	"negative"	"ingroup"	"positive"	0.40372110881028
"12"	"negative"	"outgroup"	"negative"	0.531139739528727
"12"	"positive"	"outgroup"	"positive"	0.831897546161313
"12"	"positive"	"outgroup"	"negative"	0.407689709828607
"12"	"positive"	"ingroup"	"positive"	0.31744312479215
"12"	"positive"	"outgroup"	"positive"	0.469378922843387
"12"	"negative"	"ingroup"	"positive"	0.191796856411303
"12"	"negative"	"ingroup"	"negative"	0.810392763256719
"12"	"negative"	"outgroup"	"positive"	0.76504165298338
"12"	"negative"	"ingroup"	"positive"	0.494191487167971
"12"	"negative"	"ingroup"	"negative"	0.64443368073184
"12"	"negative"	"outgroup"	"positive"	0.332195992442107
"12"	"negative"	"ingroup"	"negative"	0.358308138439628
"12"	"negative"	"ingroup"	"negative"	0.478915638622211
"12"	"positive"	"ingroup"	"positive"	0.637217909267506
"12"	"negative"	"ingroup"	"positive"	0.341446788268673
"12"	"positive"	"outgroup"	"positive"	0.433988850931979
"12"	"positive"	"outgroup"	"negative"	0.600288727414063
"12"	"positive"	"outgroup"	"positive"	0.84587705719168
"12"	"positive"	"outgroup"	"positive"	0.38045496434271
"12"	"negative"	"outgroup"	"negative"	0.377285629923707
"12"	"positive"	"ingroup"	"positive"	0.431298190615437
"12"	"negative"	"outgroup"	"positive"	0.462752865096096
"12"	"negative"	"ingroup"	"negative"	0.2846520016743
"12"	"positive"	"ingroup"	"positive"	0.189347689458075
"12"	"negative"	"outgroup"	"positive"	0.613881369573082
"12"	"positive"	"ingroup"	"positive"	0.278851174157844
"12"	"negative"	"outgroup"	"negative"	0.719843308001033
"12"	"positive"	"outgroup"	"positive"	0.308817137377514
"12"	"positive"	"ingroup"	"negative"	0.590833635536937
"12"	"positive"	"ingroup"	"positive"	0.283808081884804
"12"	"negative"	"ingroup"	"positive"	0.567569661141642
"12"	"positive"	"outgroup"	"positive"	0.436538515639028
"12"	"negative"	"ingroup"	"negative"	0.734435216111365
"12"	"positive"	"outgroup"	"positive"	0.304180679103239
"12"	"negative"	"outgroup"	"negative"	0.651684883665178
"12"	"positive"	"ingroup"	"positive"	0.206468485135583
"12"	"negative"	"ingroup"	"negative"	0.505849922755849
"12"	"positive"	"outgroup"	"positive"	0.38487145367186
"12"	"positive"	"outgroup"	"positive"	0.525226518278813
"12"	"positive"	"outgroup"	"positive"	0.672445916264239
"12"	"negative"	"outgroup"	"negative"	0.232423516057857
"12"	"positive"	"ingroup"	"positive"	0.440028076793875
"12"	"positive"	"ingroup"	"positive"	0.341939825354241
"12"	"positive"	"outgroup"	"negative"	0.217689035852456
"12"	"positive"	"ingroup"	"positive"	0.241965297733637
"12"	"negative"	"ingroup"	"positive"	0.270680128527735
"12"	"negative"	"outgroup"	"negative"	0.732639484320999
"12"	"negative"	"outgroup"	"negative"	0.241806181210464
"12"	"negative"	"outgroup"	"positive"	0.382150589108168
"12"	"negative"	"outgroup"	"positive"	0.753686746614631
"12"	"positive"	"ingroup"	"positive"	0.589773861563248
"12"	"negative"	"outgroup"	"negative"	0.372015040838941
"12"	"positive"	"ingroup"	"positive"	0.191817596301153
"12"	"negative"	"ingroup"	"negative"	0.393783083066783
"12"	"positive"	"outgroup"	"positive"	0.735194151479306
"12"	"negative"	"outgroup"	"negative"	0.306654953957291
"12"	"positive"	"outgroup"	"negative"	0.323045187724609
"12"	"negative"	"outgroup"	"negative"	0.258948450479333
"12"	"negative"	"outgroup"	"negative"	0.33369730926698
"12"	"positive"	"ingroup"	"positive"	0.235941148121759
"12"	"positive"	"ingroup"	"positive"	0.373829921544696
"12"	"negative"	"outgroup"	"positive"	1.10032766755855
"12"	"negative"	"ingroup"	"negative"	1.11943358939085
"12"	"negative"	"outgroup"	"negative"	0.223378208414103
"12"	"positive"	"outgroup"	"negative"	0.360860948039032
"12"	"negative"	"ingroup"	"negative"	0.715698496363781
"12"	"negative"	"outgroup"	"negative"	0.28871255365534
"12"	"negative"	"outgroup"	"negative"	0.311164438904516
"12"	"positive"	"outgroup"	"positive"	0.572537611608566
"12"	"positive"	"outgroup"	"positive"	0.677099276549766
"12"	"positive"	"ingroup"	"positive"	0.35377103064437
"12"	"negative"	"outgroup"	"negative"	0.560076035209294
"12"	"negative"	"ingroup"	"negative"	0.339823114535144
"12"	"negative"	"ingroup"	"positive"	0.226666680506
"12"	"negative"	"ingroup"	"positive"	0.775088191303311
"12"	"negative"	"outgroup"	"positive"	0.579521192675327
"12"	"positive"	"ingroup"	"positive"	0.742966642488494
"12"	"positive"	"outgroup"	"positive"	0.457579151879375
"12"	"negative"	"ingroup"	"negative"	0.378254674232825
"12"	"positive"	"ingroup"	"positive"	0.30974036021965
"12"	"positive"	"ingroup"	"positive"	0.212853376311933
"12"	"positive"	"ingroup"	"positive"	0.859761533330603
"12"	"positive"	"ingroup"	"positive"	1.22522090302697
"12"	"negative"	"outgroup"	"negative"	0.304742172483972
"12"	"positive"	"ingroup"	"positive"	0.62421696705256
"12"	"negative"	"ingroup"	"positive"	0.456477353606367
"12"	"positive"	"ingroup"	"positive"	0.210940725675398
"12"	"positive"	"ingroup"	"negative"	0.421822566696756
"12"	"negative"	"outgroup"	"negative"	0.286560270584202
"12"	"negative"	"outgroup"	"negative"	0.346041051562182
"12"	"positive"	"ingroup"	"positive"	0.213891636762316
"12"	"positive"	"outgroup"	"positive"	0.698863764670505
"12"	"negative"	"ingroup"	"negative"	0.42182284473243
"12"	"positive"	"outgroup"	"negative"	0.488759518683752
"12"	"negative"	"ingroup"	"negative"	0.443093185869991
"12"	"negative"	"outgroup"	"negative"	0.208857391873786
"12"	"negative"	"ingroup"	"positive"	0.219174610149706
"12"	"negative"	"outgroup"	"negative"	0.375594266304271
"12"	"negative"	"ingroup"	"negative"	0.86397892387934
"12"	"negative"	"outgroup"	"negative"	0.320399878192206
"12"	"positive"	"outgroup"	"positive"	0.249613723210404
"12"	"positive"	"ingroup"	"positive"	0.288600833807537
"12"	"negative"	"outgroup"	"negative"	0.460010576093139
"12"	"positive"	"ingroup"	"positive"	0.231629349393379
"12"	"negative"	"ingroup"	"negative"	0.441351874793129
"12"	"positive"	"ingroup"	"positive"	0.550770390997053
"12"	"positive"	"ingroup"	"positive"	0.869945917989273
"12"	"positive"	"ingroup"	"positive"	0.659500827578685
"12"	"positive"	"outgroup"	"positive"	0.240803699377942
"12"	"positive"	"ingroup"	"positive"	0.224180366815891
"12"	"negative"	"outgroup"	"negative"	1.15660931382685
"12"	"negative"	"outgroup"	"negative"	0.401586877137754
"12"	"negative"	"outgroup"	"negative"	0.265818434213489
"12"	"positive"	"ingroup"	"positive"	0.366077305499663
"12"	"negative"	"outgroup"	"negative"	0.225583764334138
"12"	"positive"	"outgroup"	"negative"	0.519992502440075
"12"	"positive"	"ingroup"	"positive"	0.282250026584739
"12"	"positive"	"outgroup"	"positive"	0.461642965837721
"12"	"negative"	"outgroup"	"negative"	0.354410666968802
"12"	"positive"	"ingroup"	"positive"	0.324447771790353
"12"	"negative"	"outgroup"	"negative"	0.207625704897894
"12"	"negative"	"ingroup"	"negative"	0.452621643726398
"12"	"negative"	"ingroup"	"negative"	0.375558761582429
"12"	"negative"	"ingroup"	"negative"	0.870405555354119
"12"	"positive"	"outgroup"	"positive"	0.677813808046203
"12"	"negative"	"outgroup"	"negative"	0.431377625563431
"12"	"positive"	"outgroup"	"negative"	0.555569972657613
"12"	"negative"	"outgroup"	"negative"	0.732305965394422
"12"	"negative"	"ingroup"	"negative"	0.511753658400457
"12"	"positive"	"outgroup"	"negative"	0.430472326857055
"12"	"negative"	"outgroup"	"negative"	0.362220066341103
"12"	"positive"	"outgroup"	"positive"	0.670290504609874
"12"	"negative"	"ingroup"	"negative"	0.309838269380623
"12"	"positive"	"outgroup"	"negative"	0.302453531496858
"12"	"negative"	"ingroup"	"positive"	0.923687439248616
"12"	"positive"	"ingroup"	"positive"	0.206119792660679
"12"	"positive"	"outgroup"	"negative"	0.31608109281597
"12"	"negative"	"outgroup"	"positive"	0.384694720803332
"12"	"positive"	"ingroup"	"positive"	0.271536131454433
"12"	"positive"	"ingroup"	"positive"	0.486372037142704
"12"	"negative"	"ingroup"	"negative"	0.49598551749304
"12"	"negative"	"ingroup"	"negative"	0.493246202508558
"12"	"positive"	"ingroup"	"positive"	0.730763470343896
"12"	"positive"	"outgroup"	"positive"	0.375513238279775
"12"	"positive"	"ingroup"	"positive"	0.275498313355368
"12"	"positive"	"ingroup"	"positive"	0.281654090687898
"12"	"negative"	"ingroup"	"positive"	0.255692286082097
"12"	"negative"	"ingroup"	"negative"	0.89869899223824
"12"	"negative"	"outgroup"	"negative"	0.199040203453367
"12"	"negative"	"outgroup"	"negative"	0.421997950157867
"12"	"negative"	"ingroup"	"negative"	0.518493804805326
"12"	"negative"	"outgroup"	"negative"	0.626021723752795
"12"	"positive"	"ingroup"	"positive"	0.243520181251465
"12"	"positive"	"outgroup"	"negative"	0.372118600670945
"12"	"positive"	"outgroup"	"positive"	0.397514005993764
"12"	"positive"	"ingroup"	"positive"	0.307026026670432
"12"	"positive"	"outgroup"	"positive"	0.312284317115677
"12"	"positive"	"ingroup"	"positive"	0.523085128746675
"12"	"positive"	"outgroup"	"negative"	0.25378640004289
"12"	"positive"	"ingroup"	"positive"	0.272691892504273
"12"	"positive"	"ingroup"	"positive"	0.319913387724013
"12"	"positive"	"outgroup"	"positive"	0.64357927131155
"12"	"positive"	"ingroup"	"negative"	0.532994105164583
"12"	"positive"	"ingroup"	"positive"	0.347923452853911
"12"	"positive"	"ingroup"	"positive"	1.1103854489807
"12"	"positive"	"outgroup"	"positive"	0.554510274971785
"12"	"negative"	"outgroup"	"negative"	0.246776711721802
"12"	"positive"	"outgroup"	"positive"	0.395551966820065
"12"	"positive"	"ingroup"	"positive"	0.399616268807214
"12"	"negative"	"outgroup"	"negative"	0.340659326216514
"12"	"negative"	"ingroup"	"negative"	1.69016577557051
"12"	"negative"	"ingroup"	"positive"	1.24161749625326
"12"	"positive"	"ingroup"	"positive"	0.472721973628492
"12"	"negative"	"outgroup"	"negative"	0.29048749643692
"12"	"negative"	"outgroup"	"negative"	1.13575627012712
"12"	"negative"	"outgroup"	"positive"	0.580677044095094
"12"	"positive"	"outgroup"	"positive"	0.452142969289398
"12"	"positive"	"outgroup"	"positive"	0.373410999761785
"12"	"negative"	"ingroup"	"positive"	0.56568385811851
"12"	"positive"	"outgroup"	"negative"	0.223800625592099
"12"	"positive"	"outgroup"	"negative"	0.631307319180758
"12"	"positive"	"ingroup"	"positive"	0.318803891424929
"12"	"positive"	"ingroup"	"positive"	0.190121522430369
"12"	"negative"	"outgroup"	"negative"	0.931794217991536
"12"	"negative"	"ingroup"	"positive"	0.31850167394285
"12"	"positive"	"outgroup"	"positive"	0.485955688933889
"12"	"positive"	"outgroup"	"positive"	0.311604071741059
"12"	"positive"	"outgroup"	"positive"	0.581258779023367
"12"	"negative"	"outgroup"	"negative"	0.401316271073677
"12"	"positive"	"outgroup"	"negative"	0.218879326183056
"12"	"negative"	"ingroup"	"positive"	0.299378890234367
"12"	"negative"	"ingroup"	"positive"	0.240747917113157
"12"	"positive"	"ingroup"	"positive"	0.433322322729897
"12"	"positive"	"ingroup"	"positive"	0.302134227288831
"12"	"negative"	"ingroup"	"positive"	0.201611050402955
"12"	"negative"	"ingroup"	"negative"	0.494359599346576
"12"	"negative"	"outgroup"	"negative"	0.378087172385643
"12"	"positive"	"outgroup"	"negative"	0.234689383203818
"12"	"positive"	"ingroup"	"positive"	0.205280276391463
"12"	"positive"	"ingroup"	"positive"	0.346326067996502
"12"	"positive"	"outgroup"	"positive"	0.311285979741505
"12"	"positive"	"outgroup"	"negative"	0.236070816315924
"12"	"negative"	"ingroup"	"negative"	0.578305660809721
"12"	"negative"	"outgroup"	"negative"	0.313248991509086
"12"	"negative"	"ingroup"	"negative"	0.366406848115317
"12"	"negative"	"ingroup"	"negative"	0.348315446401932
"12"	"positive"	"ingroup"	"positive"	0.219751446909163
"12"	"positive"	"outgroup"	"positive"	0.418155216741746
"12"	"negative"	"ingroup"	"positive"	0.914251609852521
"12"	"positive"	"outgroup"	"positive"	1.01694909704423
"12"	"negative"	"ingroup"	"negative"	0.390671689670161
"12"	"positive"	"outgroup"	"positive"	0.351894748489873
"12"	"positive"	"ingroup"	"positive"	0.260081995864647
"12"	"positive"	"outgroup"	"negative"	0.595684354132756
"12"	"negative"	"ingroup"	"positive"	0.297522743394192
"12"	"positive"	"outgroup"	"negative"	0.296041854210554
"12"	"positive"	"outgroup"	"positive"	0.709848328538472
"12"	"negative"	"ingroup"	"positive"	0.21984964356661
"12"	"positive"	"outgroup"	"positive"	0.679664750806417
"12"	"positive"	"outgroup"	"negative"	0.190685237483177
"12"	"positive"	"ingroup"	"negative"	0.287693053396792
"12"	"negative"	"outgroup"	"negative"	0.380069794759219
"12"	"positive"	"ingroup"	"positive"	0.579804230143886
"12"	"positive"	"outgroup"	"positive"	0.645348945010783
"12"	"negative"	"outgroup"	"negative"	0.286912030995971
"12"	"positive"	"outgroup"	"positive"	0.619237941254152
"12"	"positive"	"outgroup"	"positive"	0.344290164279556
"12"	"negative"	"ingroup"	"negative"	0.74518633410709
"12"	"negative"	"outgroup"	"negative"	0.210338699933015
"12"	"positive"	"outgroup"	"positive"	0.582398329704035
"12"	"positive"	"ingroup"	"positive"	0.672271686430056
"12"	"negative"	"outgroup"	"negative"	0.248554006292614
"12"	"positive"	"outgroup"	"positive"	0.344954137335336
"12"	"positive"	"ingroup"	"positive"	0.211912698835554
"12"	"negative"	"outgroup"	"negative"	0.22651506325094
"12"	"negative"	"ingroup"	"positive"	0.396977791032097
"12"	"positive"	"ingroup"	"positive"	0.302365319009588
"12"	"positive"	"outgroup"	"positive"	0.743683506837319
"12"	"negative"	"outgroup"	"negative"	0.216258121547783
"12"	"positive"	"ingroup"	"positive"	0.449142553134133
"12"	"positive"	"ingroup"	"positive"	0.252192040729408
"12"	"negative"	"ingroup"	"positive"	0.279050396162768
"12"	"positive"	"outgroup"	"negative"	0.247532456770628
"12"	"negative"	"outgroup"	"negative"	0.500232989014704
"12"	"negative"	"ingroup"	"negative"	0.56249178023686
"12"	"negative"	"outgroup"	"negative"	0.217519262245691
"12"	"negative"	"outgroup"	"positive"	0.517029923171357
"12"	"negative"	"ingroup"	"negative"	0.302748245566899
"12"	"positive"	"ingroup"	"positive"	1.12484092107072
"12"	"positive"	"outgroup"	"positive"	0.770974977021834
"12"	"negative"	"outgroup"	"negative"	0.213314205005074
"12"	"negative"	"ingroup"	"positive"	0.359325016992803
"12"	"negative"	"ingroup"	"positive"	0.232898430006695
"12"	"positive"	"ingroup"	"positive"	0.363151392540071
"12"	"positive"	"outgroup"	"negative"	0.330741109525509
"12"	"positive"	"outgroup"	"positive"	0.410928458674456
"12"	"positive"	"outgroup"	"negative"	0.543874157018906
"12"	"positive"	"outgroup"	"positive"	0.404450703278892
"12"	"positive"	"outgroup"	"positive"	0.243908656328198
"12"	"positive"	"ingroup"	"positive"	0.259672907915093
"12"	"negative"	"outgroup"	"negative"	0.19882656814759
"12"	"negative"	"outgroup"	"negative"	0.461719804416553
"12"	"positive"	"ingroup"	"positive"	0.238384419610945
"12"	"negative"	"ingroup"	"negative"	0.628262579540541
"12"	"negative"	"ingroup"	"negative"	1.4080788835495
"12"	"positive"	"ingroup"	"positive"	0.847187843862037
"12"	"positive"	"ingroup"	"positive"	0.217300910934465
"12"	"positive"	"outgroup"	"negative"	0.324152988070384
"12"	"positive"	"ingroup"	"positive"	0.669592812503535
"12"	"negative"	"outgroup"	"negative"	0.474700398951074
"12"	"negative"	"outgroup"	"negative"	0.606151673247669
"12"	"positive"	"ingroup"	"positive"	0.781243328906413
"12"	"positive"	"ingroup"	"positive"	0.200892412882513
"12"	"negative"	"ingroup"	"negative"	0.576265794094802
"12"	"negative"	"ingroup"	"negative"	0.557828246909765
"12"	"negative"	"outgroup"	"negative"	0.766086702141013
"12"	"negative"	"outgroup"	"negative"	0.513046219944615
"12"	"negative"	"ingroup"	"negative"	0.699018945504345
"12"	"negative"	"ingroup"	"positive"	0.295029666496087
"12"	"negative"	"outgroup"	"negative"	0.211611698297833
"12"	"negative"	"ingroup"	"negative"	0.463723760849765
"12"	"negative"	"ingroup"	"positive"	0.415043190391241
"12"	"positive"	"ingroup"	"positive"	0.454972140168181
"12"	"positive"	"ingroup"	"negative"	0.487238223370257
"12"	"positive"	"outgroup"	"positive"	0.796582831692656
"12"	"positive"	"ingroup"	"positive"	0.772960213680906
"12"	"positive"	"outgroup"	"negative"	0.357786139674983
"12"	"negative"	"ingroup"	"negative"	0.319308117397839
"12"	"positive"	"outgroup"	"positive"	0.805605308471221
"12"	"positive"	"ingroup"	"positive"	0.85220101307329
"12"	"negative"	"outgroup"	"negative"	0.350125145443737
"12"	"negative"	"ingroup"	"negative"	0.931275916063242
"12"	"positive"	"ingroup"	"positive"	0.21694126450141
"12"	"negative"	"outgroup"	"negative"	0.500861795066428
"12"	"negative"	"outgroup"	"negative"	0.300684361148555
"12"	"positive"	"ingroup"	"positive"	0.206323882516646
"12"	"positive"	"ingroup"	"positive"	0.567040977238956
"12"	"positive"	"outgroup"	"negative"	0.241134904723597
"12"	"positive"	"ingroup"	"positive"	0.402618318897955
"12"	"negative"	"ingroup"	"positive"	0.417242044268215
"12"	"positive"	"outgroup"	"positive"	0.410161440294594
"12"	"negative"	"outgroup"	"negative"	0.907093209312314
"12"	"negative"	"outgroup"	"negative"	0.219532905701463
